,taxon_name_w_authors,v10_11_12_13_14_15_accepted_name_w_author,v16_taxon_name_w_authors,v16_chained_accepted_name_w_author,v16_chained_accepted_species,v16_direct_accepted_name_w_author,v16_direct_accepted_species,v16_chained_accepted_genus,v16_direct_accepted_genus
355,Santaloides G.Schellenb.,Rourea Aubl.,Rourea Aubl.,Rourea Aubl.,,Santaloides G.Schellenb.,,Rourea,Santaloides
443,Carthamodes Kuntze,Carthamus L.,Carthamus L.,Carthamus L.,,Carduncellus Adans.,,Carthamus,Carduncellus
670,Tamala Raf.,Persea Mill.,Persea Mill.,Persea Mill.,,Nectandra Rol. ex Rottb.,,Persea,Nectandra
797,Zedoaria Raf.,Amomum Roxb.,Amomum Roxb.,Amomum Roxb.,,Curcuma L.,,Amomum,Curcuma
1398,Leptosyne DC.,Coreopsis L.,Coreopsis L.,Coreopsis L.,,Leptosyne DC.,,Coreopsis,Leptosyne
1652,Galypola Nieuwl.,Polygala Tourn. ex L.,Polygala Tourn. ex L.,Polygala Tourn. ex L.,,Senega (DC.) Spach,,Polygala,Senega
1653,Sexilia Raf.,Polygala Tourn. ex L.,Polygala Tourn. ex L.,Polygala Tourn. ex L.,,Senega (DC.) Spach,,Polygala,Senega
1800,Senecio palmeri A.Gray,Lepidospartum squamatum (A.Gray) A.Gray,Lepidospartum squamatum (A.Gray) A.Gray,Lepidospartum squamatum (A.Gray) A.Gray,Lepidospartum squamatum,Senecio palmeri A.Gray,Senecio palmeri,Lepidospartum,Senecio
1899,Andreettaea Luer,Pleurothallis R.Br.,Pleurothallis R.Br.,Pleurothallis R.Br.,,Andreettaea Luer,,Pleurothallis,Andreettaea
2034,Euchilus R.Br.,Pultenaea Sm.,Pultenaea Sm.,Pultenaea Sm.,,Euchilus R.Br.,,Pultenaea,Euchilus
2318,Elaeoselinum W.D.J.Koch ex DC.,Thapsia L.,Thapsia L.,Thapsia L.,,Elaeoselinum W.D.J.Koch ex DC.,,Thapsia,Elaeoselinum
2707,Usteria Dennst.,Acalypha L.,Acalypha L.,Acalypha L.,,Symplocos Jacq.,,Acalypha,Symplocos
5746,Lankesteriana Karremans,Anathallis Barb.Rodr.,Anathallis Barb.Rodr.,Anathallis Barb.Rodr.,,Lankesteriana Karremans,,Anathallis,Lankesteriana
7470,Renistipula Borhidi,Arachnothryx Planch.,Arachnothryx Planch.,Arachnothryx Planch.,,Renistipula Borhidi,,Arachnothryx,Renistipula
8581,Conoria Juss.,Aspidosperma Mart. & Zucc.,Aspidosperma Mart. & Zucc.,Aspidosperma Mart. & Zucc.,,Rinorea Aubl.,,Aspidosperma,Rinorea
11115,Bruxanelia Dennst.,Blachia Baill.,Blachia Baill.,Blachia Baill.,,Ehretia P.Browne,,Blachia,Ehretia
13333,Phyllotaenium André,Caladium Vent.,Caladium Vent.,Caladium Vent.,,Phyllotaenium André,,Caladium,Phyllotaenium
14836,Martiusella Pierre,Chrysophyllum L.,Chrysophyllum L.,Chrysophyllum L.,,Martiusella Pierre,,Chrysophyllum,Martiusella
14848,Ragala Pierre,Chrysophyllum L.,Chrysophyllum L.,Chrysophyllum L.,,Ragala Pierre,,Chrysophyllum,Ragala
14850,Chloroluma Baill.,Chrysophyllum L.,Chrysophyllum L.,Chrysophyllum L.,,Chloroluma Baill.,,Chrysophyllum,Chloroluma
15423,Gilipus Raf.,Cephalanthus L.,Cephalanthus L.,Cephalanthus L.,,Myrica L.,,Cephalanthus,Myrica
17167,Prieurella Pierre,Chrysophyllum L.,Chrysophyllum L.,Chrysophyllum L.,,Prieurella Pierre,,Chrysophyllum,Prieurella
17220,Achrouteria Eyma,Chrysophyllum L.,Chrysophyllum L.,Chrysophyllum L.,,Achrouteria Eyma,,Chrysophyllum,Achrouteria
17240,Cornuella Pierre,Chrysophyllum L.,Chrysophyllum L.,Chrysophyllum L.,,Cornuella Pierre,,Chrysophyllum,Cornuella
17243,Fibrocentrum Pierre ex Glaziou,Chrysophyllum L.,Chrysophyllum L.,Chrysophyllum L.,,Chloroluma Baill.,,Chrysophyllum,Chloroluma
20826,Lorencea Borhidi,Coutaportla Urb.,Coutaportla Urb.,Coutaportla Urb.,,Lorencea Borhidi,,Coutaportla,Lorencea
22910,Hemiperis micrantha Frapp. ex Cordem.,Cynorkis falcata (Frapp. ex Cordem.) Schltr.,Cynorkis falcata (Frapp. ex Cordem.) Schltr.,Cynorkis falcata (Frapp. ex Cordem.) Schltr.,Cynorkis falcata,Benthamia gracilis J.M.H.Shaw,Benthamia gracilis,Cynorkis,Benthamia
26506,Deppeopsis Borhidi & Strancz.,Deppea Schltdl. & Cham.,Deppea Schltdl. & Cham.,Deppea Schltdl. & Cham.,,Deppeopsis Borhidi & Strancz.,,Deppea,Deppeopsis
28217,Chrysalidocarpus H.Wendl.,Dypsis Noronha ex Mart.,Dypsis Noronha ex Mart.,Dypsis Noronha ex Mart.,,Chrysalidocarpus H.Wendl.,,Dypsis,Chrysalidocarpus
28218,Phlogella Baill.,Dypsis Noronha ex Mart.,Dypsis Noronha ex Mart.,Dypsis Noronha ex Mart.,,Chrysalidocarpus H.Wendl.,,Dypsis,Chrysalidocarpus
28221,Antongilia Jum.,Dypsis Noronha ex Mart.,Dypsis Noronha ex Mart.,Dypsis Noronha ex Mart.,,Vonitra Becc.,,Dypsis,Vonitra
28225,Neodypsis Baill.,Dypsis Noronha ex Mart.,Dypsis Noronha ex Mart.,Dypsis Noronha ex Mart.,,Chrysalidocarpus H.Wendl.,,Dypsis,Chrysalidocarpus
28228,Vonitra Becc.,Dypsis Noronha ex Mart.,Dypsis Noronha ex Mart.,Dypsis Noronha ex Mart.,,Vonitra Becc.,,Dypsis,Vonitra
28229,Macrophloga Becc.,Dypsis Noronha ex Mart.,Dypsis Noronha ex Mart.,Dypsis Noronha ex Mart.,,Chrysalidocarpus H.Wendl.,,Dypsis,Chrysalidocarpus
31647,Eugenia doniana O.Berg,Eugenia stictopetala DC.,Eugenia stictopetala DC.,Eugenia stictopetala DC.,Eugenia stictopetala,Myrcia doniana O.Berg,Myrcia doniana,Eugenia,Myrcia
32410,Geodorum esquirolii Schltr.,Eumachia DC.,Eumachia DC.,Eumachia DC.,,Eulophia zollingeri (Rchb.f.) J.J.Sm.,Eulophia zollingeri,Eumachia,Eulophia
36107,Relbunium (Endl.) Hook.f.,Galium L.,Galium L.,Galium L.,,Trichogalium (DC.) Fourr.,,Galium,Trichogalium
36110,Bataprine Nieuwl.,Galium L.,Galium L.,Galium L.,,Trichogalium (DC.) Fourr.,,Galium,Trichogalium
45978,Luisia tenuifolia var. evangelinae (Blatt. & McCann) Santapau & Kapadia,Cleisostoma tenuifolium (L.) Garay,Cleisostoma tenuifolium (L.) Garay,Cleisostoma tenuifolium (L.) Garay,Cleisostoma tenuifolium,Luisia birchea Blume,Luisia birchea,Cleisostoma,Luisia
45979,Birchea teretifolia A.Rich.,Cleisostoma tenuifolium (L.) Garay,Cleisostoma tenuifolium (L.) Garay,Cleisostoma tenuifolium (L.) Garay,Cleisostoma tenuifolium,Luisia birchea Blume,Luisia birchea,Cleisostoma,Luisia
45980,Luisia pulniana Vatsala,Cleisostoma tenuifolium (L.) Garay,Cleisostoma tenuifolium (L.) Garay,Cleisostoma tenuifolium (L.) Garay,Cleisostoma tenuifolium,Luisia birchea Blume,Luisia birchea,Cleisostoma,Luisia
45981,Luisia pseudotenuifolia Blatt. & McCann,Cleisostoma tenuifolium (L.) Garay,Cleisostoma tenuifolium (L.) Garay,Cleisostoma tenuifolium (L.) Garay,Cleisostoma tenuifolium,Luisia birchea Blume,Luisia birchea,Cleisostoma,Luisia
45982,Luisia evangelinae Blatt. & McCann,Cleisostoma tenuifolium (L.) Garay,Cleisostoma tenuifolium (L.) Garay,Cleisostoma tenuifolium (L.) Garay,Cleisostoma tenuifolium,Luisia birchea Blume,Luisia birchea,Cleisostoma,Luisia
45984,Luisia laurifolia var. evangelinae (Blatt. & McCann) M.R.Almeida,Cleisostoma tenuifolium (L.) Garay,Cleisostoma tenuifolium (L.) Garay,Cleisostoma tenuifolium (L.) Garay,Cleisostoma tenuifolium,Luisia birchea Blume,Luisia birchea,Cleisostoma,Luisia
47435,Salpinctes Woodson,Mandevilla Lindl.,Mandevilla Lindl.,Mandevilla Lindl.,,Salpinctes Woodson,,Mandevilla,Salpinctes
47644,Odontadenia duckei Markgr.,Mandevilla pohliana (Stadelm.) A.H.Gentry,Mandevilla pohliana (Stadelm.) A.H.Gentry,Mandevilla pohliana (Stadelm.) A.H.Gentry,Mandevilla pohliana,Odontadenia duckei Markgr.,Odontadenia duckei,Mandevilla,Odontadenia
51939,Microtoena griffithii Prain,Microtoena moupinensis (Franch.) Prain,Microtoena moupinensis (Franch.) Prain,Microtoena moupinensis (Franch.) Prain,Microtoena moupinensis,Paramicrotoena griffithii (Prain) X.X.Wu & Qiang Wang,Paramicrotoena griffithii,Microtoena,Paramicrotoena
52572,Nothomyrcia Kausel,Myrceugenia O.Berg,Myrceugenia O.Berg,Myrceugenia O.Berg,,Nothomyrcia Kausel,,Myrceugenia,Nothomyrcia
55329,Dipladenia tetradenia Rusby,Odontadenia lutea (Vell.) Markgr.,Odontadenia lutea (Vell.) Markgr.,Odontadenia lutea (Vell.) Markgr.,Odontadenia lutea,Mandevilla alexicaca (Mart. ex Stadelm.) J.F.Morales & A.Fuentes,Mandevilla alexicaca,Odontadenia,Mandevilla
55437,Angraecum pescatorianum Lindl.,Oeoniella polystachys (Thouars) Schltr.,Oeoniella polystachys (Thouars) Schltr.,Oeoniella polystachys (Thouars) Schltr.,Oeoniella polystachys,Listrostachys pertusa (Lindl.) Rchb.f.,Listrostachys pertusa,Oeoniella,Listrostachys
55481,Oldenlandia burmanniana G.Don,Oldenlandia corymbosa var. corymbosa,Oldenlandia corymbosa var. corymbosa,Oldenlandia corymbosa var. corymbosa,Oldenlandia corymbosa,Scleromitrion diffusum (Willd.) R.J.Wang,Scleromitrion diffusum,Oldenlandia,Scleromitrion
55487,Hedyotis burmanniana R.Br. ex Wall.,Oldenlandia corymbosa var. corymbosa,Oldenlandia corymbosa var. corymbosa,Oldenlandia corymbosa var. corymbosa,Oldenlandia corymbosa,Scleromitrion diffusum (Willd.) R.J.Wang,Scleromitrion diffusum,Oldenlandia,Scleromitrion
69468,Rhodospatha tuerckheimii Engl. & K.Krause,Rhodospatha wendlandii Schott,Rhodospatha wendlandii Schott,Rhodospatha wendlandii Schott,Rhodospatha wendlandii,Stenospermation tuerckheimii (Engl. & K.Krause) Croat,Stenospermation tuerckheimii,Rhodospatha,Stenospermation
72082,Spermacoce tubularis R.Br. ex Wall.,Scleromitrion angustifolium (Cham. & Schltdl.) Benth.,Scleromitrion angustifolium (Cham. & Schltdl.) Benth.,Scleromitrion angustifolium (Cham. & Schltdl.) Benth.,Scleromitrion angustifolium,Spermacoce articularis L.f.,Spermacoce articularis,Scleromitrion,Spermacoce
72744,Orthechites Urb.,Secondatia A.DC.,Secondatia A.DC.,Odontadenia Benth.,,Orthechites Urb.,,Odontadenia,Orthechites
73414,Holtonia Standl.,Simira Aubl.,Simira Aubl.,Simira Aubl.,,Holtonia Standl.,,Simira,Holtonia
74168,Brachynema F.Muell.,Sphenodesme Jack,Sphenodesme Jack,Sphenodesme Jack,,Abrophyllum Hook.f.,,Sphenodesme,Abrophyllum
76367,Eugenia tenuiramis Miq.,Syzygium zeylanicum (L.) DC.,Syzygium zeylanicum (L.) DC.,Syzygium zeylanicum (L.) DC.,Syzygium zeylanicum,Eugenia egensis DC.,Eugenia egensis,Syzygium,Eugenia
76373,Eugenia egensis var. tenuiramis (Miq.) O.Berg,Syzygium zeylanicum (L.) DC.,Syzygium zeylanicum (L.) DC.,Syzygium zeylanicum (L.) DC.,Syzygium zeylanicum,Eugenia egensis DC.,Eugenia egensis,Syzygium,Eugenia
79416,Tubella (Luer) Archila,Trichosalpinx Luer,Trichosalpinx Luer,Trichosalpinx Luer,,Karma Karremans,,Trichosalpinx,Karma
79901,Lazarum A.Hay,Typhonium Schott,Typhonium Schott,Typhonium Schott,,Lazarum A.Hay,,Typhonium,Lazarum
81350,Metrosideros pictipetala Blanco,Xanthostemon verus (Roxb.) Peter G.Wilson,Xanthostemon verus (Roxb.) Peter G.Wilson,Xanthostemon verus (Roxb.) Peter G.Wilson,Xanthostemon verus,Decaspermum parviflorum subsp. parviflorum,Decaspermum parviflorum,Xanthostemon,Decaspermum
82155,Restrepia liebmanniana Kraenzl.,Acianthera strupifolia (Lindl.) Pridgeon & M.W.Chase,Acianthera strupifolia (Lindl.) Pridgeon & M.W.Chase,Acianthera strupifolia (Lindl.) Pridgeon & M.W.Chase,Acianthera strupifolia,Andreettaea marginata (Rich.) A.Doucette,Andreettaea marginata,Acianthera,Andreettaea
82492,Eriolopha Ridl.,Alpinia Roxb.,Alpinia Roxb.,Alpinia Roxb.,,Hellwigia Warb.,,Alpinia,Hellwigia
82515,Hellwigia Warb.,Alpinia Roxb.,Alpinia Roxb.,Alpinia Roxb.,,Hellwigia Warb.,,Alpinia,Hellwigia
94296,Nidularium lindenii Regel,Hohenbergia augusta (Vell.) É.Morren,Hohenbergia augusta (Vell.) É.Morren,Hohenbergia augusta (Vell.) É.Morren,Hohenbergia augusta,Edmundoa lindenii (Regel) Leme,Edmundoa lindenii,Hohenbergia,Edmundoa
96585,Ptilanthelium Steud.,Schoenus L.,Schoenus L.,Schoenus L.,,Chaetospora R.Br.,,Schoenus,Chaetospora
98463,Chaetospora R.Br.,Schoenus L.,Schoenus L.,Schoenus L.,,Chaetospora R.Br.,,Schoenus,Chaetospora
104701,Autonoe (Webb & Berthel.) Speta,Scilla L.,Scilla L.,Scilla L.,,Autonoe (Webb & Berthel.) Speta,,Scilla,Autonoe
108910,Behria Greene,Bessera Schult.f.,Bessera Schult.f.,Bessera Schult.f.,,Behria Greene,,Bessera,Behria
114108,Ludovia subacaulis Poit.,Evodianthus funifer subsp. funifer,Evodianthus funifer subsp. funifer,Evodianthus funifer subsp. funifer,Evodianthus funifer,Asplundia brachyphylla Harling,Asplundia brachyphylla,Evodianthus,Asplundia
114650,Eschweilera praeclara Sandwith,Chytroma holcogyne (Sandwith) R.Knuth,Chytroma holcogyne (Sandwith) R.Knuth,Chytroma holcogyne (Sandwith) R.Knuth,Chytroma holcogyne,Lecythis praeclara (Sandwith) S.A.Mori ex Molino & Sabatier,Lecythis praeclara,Chytroma,Lecythis
117539,Sympa Ravenna,Herbertia Sweet,Herbertia Sweet,Herbertia Sweet,,Cypella Herb.,,Herbertia,Cypella
118219,Ixia striata Vahl,Ixia latifolia D.Delaroche,Ixia latifolia D.Delaroche,Ixia latifolia D.Delaroche,Ixia latifolia,Tritonia gladiolaris (Lam.) Goldblatt & J.C.Manning,Tritonia gladiolaris,Ixia,Tritonia
121109,Retzia campanuloides (L.f.) Spreng.,Retzia capensis Thunb.,Retzia capensis Thunb.,Retzia capensis Thunb.,Retzia capensis,Prismatocarpus campanuloides (L.f.) Sond.,Prismatocarpus campanuloides,Retzia,Prismatocarpus
121111,Retzia roelloides (L.f.) Spreng.,Retzia capensis Thunb.,Retzia capensis Thunb.,Retzia capensis Thunb.,Retzia capensis,Prismatocarpus pedunculatus (P.J.Bergius) A.DC.,Prismatocarpus pedunculatus,Retzia,Prismatocarpus
122252,Zingiber truncatum Stokes,Zingiber zerumbet subsp. zerumbet,Zingiber zerumbet subsp. zerumbet,Zingiber zerumbet subsp. zerumbet,Zingiber zerumbet,Curcuma zedoaria (Christm.) Roscoe,Curcuma zedoaria,Zingiber,Curcuma
137787,Gigantochloa auriculata (Kurz) Kurz,Bambusa vulgaris Schrad. ex J.C.Wendl.,Bambusa vulgaris Schrad. ex J.C.Wendl.,Bambusa vulgaris Schrad. ex J.C.Wendl.,Bambusa vulgaris,Gigantochloa auriculata (Kurz) Kurz,Gigantochloa auriculata,Bambusa,Gigantochloa
137791,Oxytenanthera auriculata (Kurz) Prain,Bambusa vulgaris Schrad. ex J.C.Wendl.,Bambusa vulgaris Schrad. ex J.C.Wendl.,Bambusa vulgaris Schrad. ex J.C.Wendl.,Bambusa vulgaris,Gigantochloa auriculata (Kurz) Kurz,Gigantochloa auriculata,Bambusa,Gigantochloa
137811,Bambusa auriculata Kurz,Bambusa vulgaris Schrad. ex J.C.Wendl.,Bambusa vulgaris Schrad. ex J.C.Wendl.,Bambusa vulgaris Schrad. ex J.C.Wendl.,Bambusa vulgaris,Gigantochloa auriculata (Kurz) Kurz,Gigantochloa auriculata,Bambusa,Gigantochloa
147979,Sinobambusa anaurita T.H.Wen,Oligostachyum hupehense (J.L.Lu) Z.P.Wang & G.H.Ye,Oligostachyum hupehense (J.L.Lu) Z.P.Wang & G.H.Ye,Oligostachyum hupehense (J.L.Lu) Z.P.Wang & G.H.Ye,Oligostachyum hupehense,"Acidosasa anaurita (T.H.Wen) W.Y.Zhang & N.X.Ma ex N.H.Xia, Zhi X.Zhang & Z.Y.Cai",Acidosasa anaurita,Oligostachyum,Acidosasa
147984,Sinobambusa sulcata W.T.Lin & Z.M.Wu,Oligostachyum scabriflorum (McClure) Z.P.Wang & G.H.Ye,Oligostachyum scabriflorum (McClure) Z.P.Wang & G.H.Ye,Oligostachyum scabriflorum (McClure) Z.P.Wang & G.H.Ye,Oligostachyum scabriflorum,Acidosasa gracilis W.T.Lin & X.B.Ye,Acidosasa gracilis,Oligostachyum,Acidosasa
152037,Trisetum balearicum Gand.,Aegialina pumila (Lam.) Quintanar & Barberá,Aegialina pumila (Lam.) Quintanar & Barberá,Aegialina pumila (Lam.) Quintanar & Barberá,Aegialina pumila,Avellinia festucoides (Link) Valdés & H.Scholz,Avellinia festucoides,Aegialina,Avellinia
154912,Trisetaria lapalmae H.Scholz,Trisetaria loeflingiana (L.) Paunero,Trisetaria loeflingiana (L.) Paunero,Trisetaria loeflingiana (L.) Paunero,Trisetaria loeflingiana,Aegialina lapalmae (H.Scholz) Quintanar & Barberá,Aegialina lapalmae,Trisetaria,Aegialina
155986,Falona Adans.,Cynosurus L.,Cynosurus L.,Cynosurus L.,,Falona Adans.,,Cynosurus,Falona
156017,× Pseudelymus Barkworth & D.R.Dewey,Elymus L.,Elymus L.,Elymus L.,,× Pseudelymus Barkworth & D.R.Dewey,,Elymus,× Pseudelymus
156050,Boriskellera Terechov,Eragrostis Wolf,Eragrostis Wolf,Eragrostis Wolf,,Sporobolus R.Br.,,Eragrostis,Sporobolus
157569,Eria merrillii Ames,Pinalia ovata (Lindl.) W.Suarez & Cootes,Pinalia ovata (Lindl.) W.Suarez & Cootes,Pinalia ovata (Lindl.) W.Suarez & Cootes,Pinalia ovata,Eria cochleata Lindl.,Eria cochleata,Pinalia,Eria
162667,Panicum granuliferum var. longifolium Kuntze,Trichanthecium granuliferum (Kunth) Zuloaga & Morrone,Trichanthecium granuliferum (Kunth) Zuloaga & Morrone,Trichanthecium granuliferum (Kunth) Zuloaga & Morrone,Trichanthecium granuliferum,Panicum trichanthum Nees,Panicum trichanthum,Trichanthecium,Panicum
166816,Triticum glaucum Honck.,Thinopyrum intermedium subsp. intermedium,Thinopyrum intermedium subsp. intermedium,Thinopyrum intermedium subsp. intermedium,Thinopyrum intermedium,Triticum turgidum subsp. polonicum (L.) Thell.,Triticum turgidum,Thinopyrum,Triticum
169898,Paepalanthus saxicola var. pilosus Moldenke,Syngonanthus saxicola (Körn.) Trovó & Stützel,Syngonanthus saxicola (Körn.) Trovó & Stützel,Syngonanthus saxicola (Körn.) Trovó & Stützel,Syngonanthus saxicola,Paepalanthus amphibius Trovó,Paepalanthus amphibius,Syngonanthus,Paepalanthus
170628,Hedyotis blumeana Steud.,Leptopetalum biflorum (L.) Neupane & N.Wikstr.,Leptopetalum biflorum (L.) Neupane & N.Wikstr.,Leptopetalum biflorum (L.) Neupane & N.Wikstr.,Leptopetalum biflorum,Oldenlandia paniculata L.,Oldenlandia paniculata,Leptopetalum,Oldenlandia
170906,Hedyotis ramosissima Blume,Leptopetalum biflorum (L.) Neupane & N.Wikstr.,Leptopetalum biflorum (L.) Neupane & N.Wikstr.,Leptopetalum biflorum (L.) Neupane & N.Wikstr.,Leptopetalum biflorum,Oldenlandia paniculata L.,Oldenlandia paniculata,Leptopetalum,Oldenlandia
171564,Hordeum sieberianum Besser,Triticum aestivum subsp. compactum (Host) H.Messik.,Triticum aestivum subsp. compactum (Host) H.Messik.,Triticum aestivum subsp. compactum (Host) H.Messik.,Triticum aestivum,Hordeum bulbosum L.,Hordeum bulbosum,Triticum,Hordeum
173216,Cynanchum crispum Thunb.,Fischeria scandens DC.,Fischeria scandens DC.,Fischeria scandens DC.,Fischeria scandens,Ceropegia crispa (Thunb.) ined.,Ceropegia crispa,Fischeria,Ceropegia
173909,Pseudosarcolobus Costantin,Marsdenia R.Br.,Marsdenia R.Br.,Marsdenia R.Br.,,Pseudosarcolobus Costantin,,Marsdenia,Pseudosarcolobus
175661,Rhodostegiella (Pobed.) C.Y.Wu & D.Z.Li,Vincetoxicum Wolf,Vincetoxicum Wolf,Vincetoxicum Wolf,,Cynanchum L.,,Vincetoxicum,Cynanchum
180436,Festuca yvesii subsp. bellottii (Auquier & Kerguélen) Kerguélen,"Lolium font-queri (St.-Yves) Banfi, Galasso, Foggi, Kopecký & Ardenghi","Lolium font-queri (St.-Yves) Banfi, Galasso, Foggi, Kopecký & Ardenghi","Lolium font-queri (St.-Yves) Banfi, Galasso, Foggi, Kopecký & Ardenghi",Lolium font-queri,Festuca billyi Kerguélen & Plonka,Festuca billyi,Lolium,Festuca
180438,Festuca durissima subsp. bellottii Auquier & Kerguélen,"Lolium font-queri (St.-Yves) Banfi, Galasso, Foggi, Kopecký & Ardenghi","Lolium font-queri (St.-Yves) Banfi, Galasso, Foggi, Kopecký & Ardenghi","Lolium font-queri (St.-Yves) Banfi, Galasso, Foggi, Kopecký & Ardenghi",Lolium font-queri,Festuca billyi Kerguélen & Plonka,Festuca billyi,Lolium,Festuca
181610,Stachytarpheta fiebrigii Moldenke,Citharexylum amabile (Bocq.) Christenh. & Byng,Citharexylum amabile (Bocq.) Christenh. & Byng,Citharexylum amabile (Bocq.) Christenh. & Byng,Citharexylum amabile,Stachytarpheta fiebrigii Moldenke,Stachytarpheta fiebrigii,Citharexylum,Stachytarpheta
189134,Thylacanthus Tul.,Julbernardia Pellegr.,Julbernardia Pellegr.,Julbernardia Pellegr.,,Thylacanthus Tul.,,Julbernardia,Thylacanthus
189180,Fimbriaria A.Juss.,Janusia A.Juss. ex Endl.,Janusia A.Juss. ex Endl.,Janusia A.Juss. ex Endl.,,Schwannia Endl.,,Janusia,Schwannia
189182,Cottsia Dubard & Dop,Janusia A.Juss. ex Endl.,Janusia A.Juss. ex Endl.,Janusia A.Juss. ex Endl.,,Cottsia Dubard & Dop,,Janusia,Cottsia
189183,Schwannia Endl.,Janusia A.Juss. ex Endl.,Janusia A.Juss. ex Endl.,Janusia A.Juss. ex Endl.,,Schwannia Endl.,,Janusia,Schwannia
190160,Eucarpha (R.Br.) Spach,Knightia R.Br.,Knightia R.Br.,Knightia R.Br.,,Eucarpha (R.Br.) Spach,,Knightia,Eucarpha
191139,Marginatocereus Backeb.,Lophocereus Britton & Rose,Lophocereus Britton & Rose,Lophocereus Britton & Rose,,Marginatocereus Backeb.,,Lophocereus,Marginatocereus
193389,Ligusticum apiifolium var. minus A.Gray,Lomatium dissectum (Nutt.) Mathias & Constance,Lomatium dissectum (Nutt.) Mathias & Constance,Lomatium dissectum (Nutt.) Mathias & Constance,Lomatium dissectum,Ligusticum grayi J.M.Coult. & Rose,Ligusticum grayi,Lomatium,Ligusticum
196011,Tetranthera geniculata var. grandiflora Nees,Lindera benzoin (L.) Blume,Lindera benzoin (L.) Blume,Lindera benzoin (L.) Blume,Lindera benzoin,Litsea aestivalis (L.) Fernald,Litsea aestivalis,Lindera,Litsea
196019,Laurus glomerata Lam.,Lindera benzoin (L.) Blume,Lindera benzoin (L.) Blume,Lindera benzoin (L.) Blume,Lindera benzoin,Litsea aestivalis (L.) Fernald,Litsea aestivalis,Lindera,Litsea
197732,Bartschella Britton & Rose,Mammillaria Haw.,Mammillaria Haw.,Mammillaria Haw.,,Cochemiea (K.Brandegee) Walton,,Mammillaria,Cochemiea
197748,Chilita Orcutt,Mammillaria Haw.,Mammillaria Haw.,Mammillaria Haw.,,Cochemiea (K.Brandegee) Walton,,Mammillaria,Cochemiea
197788,Oehmea Buxb.,Mammillaria Haw.,Mammillaria Haw.,Mammillaria Haw.,,Oehmea Buxb.,,Mammillaria,Oehmea
197791,Mammilloydia Buxb.,Mammillaria Haw.,Mammillaria Haw.,Mammillaria Haw.,,Mammilloydia Buxb.,,Mammillaria,Mammilloydia
197795,Phellosperma Britton & Rose,Mammillaria Haw.,Mammillaria Haw.,Mammillaria Haw.,,Cochemiea (K.Brandegee) Walton,,Mammillaria,Cochemiea
198442,Pogonospermum Hochst.,Meiosperma Raf.,Meiosperma Raf.,Meiosperma Raf.,,Pogonospermum Hochst.,,Meiosperma,Pogonospermum
199859,Otosema Benth.,Millettia Wight & Arn.,Millettia Wight & Arn.,Millettia Wight & Arn.,,Otosema Benth.,,Millettia,Otosema
200702,Geocarpon Mack.,Sabulina Rchb.,Sabulina Rchb.,Sabulina Rchb.,,Geocarpon Mack.,,Sabulina,Geocarpon
201007,Siccobaccatus P.J.Braun & Esteves,Micranthocereus Backeb.,Micranthocereus Backeb.,Micranthocereus Backeb.,,Coleocephalocereus Backeb.,,Micranthocereus,Coleocephalocereus
201570,Eriochiton (R.H.Anderson) A.J.Scott,Maireana Moq.,Maireana Moq.,Maireana Moq.,,Eriochiton (R.H.Anderson) A.J.Scott,,Maireana,Eriochiton
203230,Aphanandrium Lindau,Neriacanthus Benth. & Hook.f.,Neriacanthus Benth. & Hook.f.,Neriacanthus Benth. & Hook.f.,,Aphanandrium Lindau,,Neriacanthus,Aphanandrium
204395,Litsea cinnamomea Blume,Neolitsea cinnamomea (Ridl.) Kosterm.,Neolitsea cinnamomea (Ridl.) Kosterm.,Neolitsea cinnamomea (Ridl.) Kosterm.,Neolitsea cinnamomea,Litsea cinnamomea Blume,Litsea cinnamomea,Neolitsea,Litsea
205142,Ocotea minarum var. canescens (Meisn.) Mez,Ocotea minarum (Nees & Mart.) Mez,Ocotea minarum (Nees & Mart.) Mez,Ocotea minarum (Nees & Mart.) Mez,Ocotea minarum,Nectandra psammophila Nees & Mart.,Nectandra psammophila,Ocotea,Nectandra
206369,Jacobinia barlerioides Nees,Odontonema barlerioides (Nees) Kuntze,Odontonema barlerioides (Nees) Kuntze,Odontonema barlerioides (Nees) Kuntze,Odontonema barlerioides,Tetramerium barlerioides (Nees) T.F.Daniel,Tetramerium barlerioides,Odontonema,Tetramerium
208776,Philomeda Noronha ex Thouars,Ochna L.,Ochna L.,Ochna L.,,Philomeda Noronha ex Thouars,,Ochna,Philomeda
208850,Campylochnella Tiegh.,Ochna L.,Ochna L.,Ochna L.,,Brackenridgea A.Gray,,Ochna,Brackenridgea
210166,Turraea thouarsiana (Baill.) Cavaco & Keraudren,Olax psittacorum (Lam.) Vahl,Olax psittacorum (Lam.) Vahl,Olax psittacorum (Lam.) Vahl,Olax psittacorum,Turraea thouarsiana (Baill.) Cavaco & Keraudren,Turraea thouarsiana,Olax,Turraea
210169,Olax thouarsiana Baill.,Olax psittacorum (Lam.) Vahl,Olax psittacorum (Lam.) Vahl,Olax psittacorum (Lam.) Vahl,Olax psittacorum,Turraea thouarsiana (Baill.) Cavaco & Keraudren,Turraea thouarsiana,Olax,Turraea
210458,Kalawael Adans.,Rourea Aubl.,Rourea Aubl.,Rourea Aubl.,,Santaloides G.Schellenb.,,Rourea,Santaloides
214377,Spiropetalum Gilg,Rourea Aubl.,Rourea Aubl.,Rourea Aubl.,,Roureopsis Planch.,,Rourea,Roureopsis
214477,Byrsocarpus Schumach.,Rourea Aubl.,Rourea Aubl.,Rourea Aubl.,,Byrsocarpus Schumach.,,Rourea,Byrsocarpus
214478,Paxia Gilg,Rourea Aubl.,Rourea Aubl.,Rourea Aubl.,,Roureopsis Planch.,,Rourea,Roureopsis
214479,Roureopsis Planch.,Rourea Aubl.,Rourea Aubl.,Rourea Aubl.,,Roureopsis Planch.,,Rourea,Roureopsis
214480,Taeniochlaena Hook.f.,Rourea Aubl.,Rourea Aubl.,Rourea Aubl.,,Roureopsis Planch.,,Rourea,Roureopsis
214484,Santaloidella G.Schellenb.,Rourea Aubl.,Rourea Aubl.,Rourea Aubl.,,Santaloidella G.Schellenb.,,Rourea,Santaloidella
214485,Santalodes L. ex Kuntze,Rourea Aubl.,Rourea Aubl.,Rourea Aubl.,,Santaloides G.Schellenb.,,Rourea,Santaloides
214586,Sulcorebutia Backeb.,Rebutia K.Schum.,Rebutia K.Schum.,Rebutia K.Schum.,,Weingartia Werderm.,,Rebutia,Weingartia
214836,Echinolobivia Y.Itô,Rebutia K.Schum.,Rebutia K.Schum.,Rebutia K.Schum.,,Aylostera Speg.,,Rebutia,Aylostera
214844,Bridgesia Backeb.,Rebutia K.Schum.,Rebutia K.Schum.,Rebutia K.Schum.,,Weingartia Werderm.,,Rebutia,Weingartia
214846,Weingartia Werderm.,Rebutia K.Schum.,Rebutia K.Schum.,Rebutia K.Schum.,,Weingartia Werderm.,,Rebutia,Weingartia
214847,Rebulobivia Frič,Rebutia K.Schum.,Rebutia K.Schum.,Rebutia K.Schum.,,Aylostera Speg.,,Rebutia,Aylostera
214848,Scoparebutia Frič & Kreuz. ex Buining,Rebutia K.Schum.,Rebutia K.Schum.,Rebutia K.Schum.,,Echinopsis Zucc.,,Rebutia,Echinopsis
214849,Cintia Kníže & Říha,Rebutia K.Schum.,Rebutia K.Schum.,Rebutia K.Schum.,,Weingartia Werderm.,,Rebutia,Weingartia
214850,Echinorebutia Frič ex Kreuz.,Rebutia K.Schum.,Rebutia K.Schum.,Rebutia K.Schum.,,Aylostera Speg.,,Rebutia,Aylostera
214851,Spegazzinia Backeb.,Rebutia K.Schum.,Rebutia K.Schum.,Rebutia K.Schum.,,Weingartia Werderm.,,Rebutia,Weingartia
214852,Cylindrorebutia Frič & Kreuz.,Rebutia K.Schum.,Rebutia K.Schum.,Rebutia K.Schum.,,Aylostera Speg.,,Rebutia,Aylostera
214853,Setirebutia Frič,Rebutia K.Schum.,Rebutia K.Schum.,Rebutia K.Schum.,,Aylostera Speg.,,Rebutia,Aylostera
214854,Gymnantha Y.Itô,Rebutia K.Schum.,Rebutia K.Schum.,Rebutia K.Schum.,,Weingartia Werderm.,,Rebutia,Weingartia
214855,Gymnorebutia Doweld,Rebutia K.Schum.,Rebutia K.Schum.,Rebutia K.Schum.,,Weingartia Werderm.,,Rebutia,Weingartia
216985,Roupala varelana Diels ex J.F.Macbr.,Roupala monosperma var. monosperma,Roupala monosperma var. monosperma,Roupala monosperma var. monosperma,Roupala monosperma,Panopsis ferruginea (Meisn.) Pittier,Panopsis ferruginea,Roupala,Panopsis
218353,Helianthemum racemosum (L.) Pau,Tuberaria guttata (L.) Fourr.,Tuberaria guttata (L.) Fourr.,Tuberaria guttata (L.) Fourr.,Tuberaria guttata,Helianthemum violaceum subsp. violaceum,Helianthemum violaceum,Tuberaria,Helianthemum
218384,Helianthemum variabile Spach,Tuberaria guttata (L.) Fourr.,Tuberaria guttata (L.) Fourr.,Tuberaria guttata (L.) Fourr.,Tuberaria guttata,Helianthemum apenninum (L.) Mill.,Helianthemum apenninum,Tuberaria,Helianthemum
218495,Lodia Mosco & Zanov.,Turbinicarpus (Backeb.) Buxb. & Backeb.,Turbinicarpus (Backeb.) Buxb. & Backeb.,Turbinicarpus (Backeb.) Buxb. & Backeb.,,Rapicactus Buxb. & Oehme,,Turbinicarpus,Rapicactus
218498,Toumeya Britton & Rose,Turbinicarpus (Backeb.) Buxb. & Backeb.,Turbinicarpus (Backeb.) Buxb. & Backeb.,Turbinicarpus (Backeb.) Buxb. & Backeb.,,Sclerocactus Britton & Rose,,Turbinicarpus,Sclerocactus
218706,Diplotaxis vernalis Phil.,Tropidocarpum lanatum (Barnéoud) Al-Shehbaz & R.A.Price,Tropidocarpum lanatum (Barnéoud) Al-Shehbaz & R.A.Price,Tropidocarpum lanatum (Barnéoud) Al-Shehbaz & R.A.Price,Tropidocarpum lanatum,Rorippa mandonii (E.Fourn.) Mart.-Laborde,Rorippa mandonii,Tropidocarpum,Rorippa
219552,Meyenia Nees,Thunbergia Retz.,Thunbergia Retz.,Thunbergia Retz.,,Meyenia Nees,,Thunbergia,Meyenia
219674,Distichoselinum F.García Mart. & Silvestre,Thapsia L.,Thapsia L.,Thapsia L.,,Elaeoselinum W.D.J.Koch ex DC.,,Thapsia,Elaeoselinum
219675,Margotia Boiss.,Thapsia L.,Thapsia L.,Thapsia L.,,Elaeoselinum W.D.J.Koch ex DC.,,Thapsia,Elaeoselinum
223934,Bonarota Adans.,Veronica L.,Veronica L.,Veronica L.,,Paederota L.,,Veronica,Paederota
228701,Yungasocereus F.Ritter,Cleistocactus Lem.,Cleistocactus Lem.,Cleistocactus Lem.,,Yungasocereus F.Ritter,,Cleistocactus,Yungasocereus
229862,Condaliopsis (Weberb.) Suess.,Ziziphus Mill.,Ziziphus Mill.,Ziziphus Mill.,,Condaliopsis (Weberb.) Suess.,,Ziziphus,Condaliopsis
232461,Alsine rotundifolia (Poir.) Macloskie,Stellaria debilis d'Urv.,Stellaria debilis d'Urv.,Stellaria debilis d'Urv.,Stellaria debilis,Drymaria cordata (L.) Willd. ex Schult.,Drymaria cordata,Stellaria,Drymaria
232462,Stellaria rotundifolia Poir.,Stellaria debilis d'Urv.,Stellaria debilis d'Urv.,Stellaria debilis d'Urv.,Stellaria debilis,Drymaria cordata (L.) Willd. ex Schult.,Drymaria cordata,Stellaria,Drymaria
232463,Drymaria rotundifolia (Poir.) Har.,Stellaria debilis d'Urv.,Stellaria debilis d'Urv.,Stellaria debilis d'Urv.,Stellaria debilis,Drymaria cordata (L.) Willd. ex Schult.,Drymaria cordata,Stellaria,Drymaria
233067,Clementsia Rose,Sedum L.,Sedum L.,Sedum L.,,Rhodiola L.,,Sedum,Rhodiola
233070,Aizopsis Grulich,Sedum L.,Sedum L.,Sedum L.,,Phedimus Raf.,,Sedum,Phedimus
234066,Spergularia nobreana Samp.,Sagina hawaiensis Pax,Sagina hawaiensis Pax,Sagina hawaiensis Pax,Sagina hawaiensis,Spergularia media subsp. media,Spergularia media,Sagina,Spergularia
234529,Samaipaticereus Cárdenas,Cleistocactus Lem.,Cleistocactus Lem.,Cleistocactus Lem.,,Samaipaticereus Cárdenas,,Cleistocactus,Samaipaticereus
237823,Statice ciliata (Lange) Rothm.,Limonium durieui (Girard) Kuntze,Limonium durieui (Girard) Kuntze,Limonium durieui (Girard) Kuntze,Limonium durieui,Armeria ciliata (Lange) Nieto Fel.,Armeria ciliata,Limonium,Armeria
238763,Gnidia cephalotes Licht. ex Meisn.,Lachnaea grandiflora (L.f.) Baill.,Lachnaea grandiflora (L.f.) Baill.,Lachnaea grandiflora (L.f.) Baill.,Lachnaea grandiflora,Gnidia linearifolia (Wikstr.) B.Peterson,Gnidia linearifolia,Lachnaea,Gnidia
241153,Malva spicata L.,Malvastrum americanum (L.) Torr.,Malvastrum americanum (L.) Torr.,Malvastrum americanum (L.) Torr.,Malvastrum americanum,Melochia spicata (L.) Fryxell,Melochia spicata,Malvastrum,Melochia
248425,Cuspa Humb.,Rinorea Aubl.,Rinorea Aubl.,Rinorea Aubl.,,Aspidosperma Mart. & Zucc.,,Rinorea,Aspidosperma
248945,Spirolobium A.D.Orb.,Prosopis L.,Prosopis L.,Prosopis L.,,Strombocarpa (Benth.) Engelm. & A.Gray,,Prosopis,Strombocarpa
249240,Parkia panurensis Benth. ex H.C.Hopkins,Dimorphandra cuprea Sprague & Sandwith,Dimorphandra cuprea Sprague & Sandwith,Dimorphandra cuprea Sprague & Sandwith,Dimorphandra cuprea,Parkia panurensis Benth. ex H.C.Hopkins,Parkia panurensis,Dimorphandra,Parkia
250347,Psorodendron Rydb.,Psorothamnus Rydb.,Psorothamnus Rydb.,Psorothamnus Rydb.,,Psorodendron Rydb.,,Psorothamnus,Psorodendron
250368,Sopropis Britton & Rose,Prosopis L.,Prosopis L.,Prosopis L.,,Strombocarpa (Benth.) Engelm. & A.Gray,,Prosopis,Strombocarpa
250378,Neltuma Raf.,Prosopis L.,Prosopis L.,Prosopis L.,,Neltuma Raf.,,Prosopis,Neltuma
250559,Mitostax Raf.,Prosopis L.,Prosopis L.,Prosopis L.,,Neltuma Raf.,,Prosopis,Neltuma
250586,Anonychium Schweinf.,Prosopis L.,Prosopis L.,Prosopis L.,,Anonychium Schweinf.,,Prosopis,Anonychium
250828,Dendrophthoe heyneanus Blume,Psittacanthus cucullaris (Lam.) G.Don,Psittacanthus cucullaris (Lam.) G.Don,Psittacanthus cucullaris (Lam.) G.Don,Psittacanthus cucullaris,Taxillus heyneanus (Schult. & Schult.f.) Danser,Taxillus heyneanus,Psittacanthus,Taxillus
251013,Dolichos stipulaceus Lam.,Pueraria montana var. lobata (Willd.) Maesen & S.M.Almeida ex Sanjappa & Predeep,Pueraria montana var. lobata (Willd.) Maesen & S.M.Almeida ex Sanjappa & Predeep,Pueraria montana var. lobata (Willd.) Maesen & S.M.Almeida ex Sanjappa & Predeep,Pueraria montana,Vigna stipulacea (Lam.) Kuntze,Vigna stipulacea,Pueraria,Vigna
252604,Paullinia grandiflora Cambess.,Paullinia pinnata L.,Paullinia pinnata L.,Paullinia pinnata L.,Paullinia pinnata,Serjania erecta Radlk.,Serjania erecta,Paullinia,Serjania
253201,Corymbula Raf.,Polygala Tourn. ex L.,Polygala Tourn. ex L.,Polygala Tourn. ex L.,,Senega (DC.) Spach,,Polygala,Senega
253210,Pylostachya Raf.,Polygala Tourn. ex L.,Polygala Tourn. ex L.,Polygala Tourn. ex L.,,Senega (DC.) Spach,,Polygala,Senega
253247,Anthalogea Raf.,Polygala Tourn. ex L.,Polygala Tourn. ex L.,Polygala Tourn. ex L.,,Senega (DC.) Spach,,Polygala,Senega
253295,Senegaria Raf.,Polygala Tourn. ex L.,Polygala Tourn. ex L.,Polygala Tourn. ex L.,,Senega (DC.) Spach,,Polygala,Senega
255530,Pisonia elliptica J.A.Schmidt,Pisonia aculeata L.,Pisonia aculeata L.,Pisonia aculeata L.,Pisonia aculeata,"Guapira elliptica (J.A.Schmidt) E.F.S.Rossetto, D.S.Costa & J.M.A.Braga",Guapira elliptica,Pisonia,Guapira
259381,Pilostaxis Raf.,Polygala Tourn. ex L.,Polygala Tourn. ex L.,Polygala Tourn. ex L.,,Senega (DC.) Spach,,Polygala,Senega
259715,Badiera Hassk.,Polygala Tourn. ex L.,Polygala Tourn. ex L.,Polygala Tourn. ex L.,,Securidaca L.,,Polygala,Securidaca
259718,Zoroxus Raf.,Polygala Tourn. ex L.,Polygala Tourn. ex L.,Polygala Tourn. ex L.,,Chamaebuxus Tourn.,,Polygala,Chamaebuxus
261516,Devillea Tul. & Wedd.,Podostemum Michx.,Podostemum Michx.,Podostemum Michx.,,Devillea Tul. & Wedd.,,Podostemum,Devillea
265974,Serruria hirsuta H.Buek ex Meisn.,Scoparia L.,Scoparia L.,Scoparia L.,,Serruria scoparia R.Br.,Serruria scoparia,Scoparia,Serruria
266641,Meconopsis crassifolia Benth.,Chelidonium diphyllum Michx.,Chelidonium diphyllum Michx.,Chelidonium diphyllum Michx.,Chelidonium diphyllum,Papaver crassifolium (Benth.) Greene,Papaver crassifolium,Chelidonium,Papaver
269076,Stauracanthus aphyllus f. spartioides (Webb) Samp.,Stauracanthus genistoides (Brot.) Samp.,Stauracanthus genistoides (Brot.) Samp.,Stauracanthus genistoides (Brot.) Samp.,Stauracanthus genistoides,Ulex minor Roth,Ulex minor,Stauracanthus,Ulex
269079,Stauracanthus genistoides f. spartioides (Webb) Samp.,Stauracanthus genistoides (Brot.) Samp.,Stauracanthus genistoides (Brot.) Samp.,Stauracanthus genistoides (Brot.) Samp.,Stauracanthus genistoides,Ulex minor Roth,Ulex minor,Stauracanthus,Ulex
269084,Ulex genistoides f. spartioides (Webb) C.Vicioso,Stauracanthus genistoides (Brot.) Samp.,Stauracanthus genistoides (Brot.) Samp.,Stauracanthus genistoides (Brot.) Samp.,Stauracanthus genistoides,Ulex minor Roth,Ulex minor,Stauracanthus,Ulex
269085,Ulex genistoides var. spartioides (Webb) C.Vicioso,Stauracanthus genistoides (Brot.) Samp.,Stauracanthus genistoides (Brot.) Samp.,Stauracanthus genistoides (Brot.) Samp.,Stauracanthus genistoides,Ulex minor Roth,Ulex minor,Stauracanthus,Ulex
269938,Bredemeyera mollis (Triana & Planch.) Dugand,Securidaca coriacea Bonpl.,Securidaca coriacea Bonpl.,Securidaca coriacea Bonpl.,Securidaca coriacea,Bredemeyera divaricata (DC.) J.F.B.Pastore,Bredemeyera divaricata,Securidaca,Bredemeyera
269942,Catocoma mollis Triana & Planch.,Securidaca coriacea Bonpl.,Securidaca coriacea Bonpl.,Securidaca coriacea Bonpl.,Securidaca coriacea,Bredemeyera divaricata (DC.) J.F.B.Pastore,Bredemeyera divaricata,Securidaca,Bredemeyera
272641,Angelica tsinlingensis K.T.Fu,Hansenia forbesii (H.Boissieu) Pimenov & Kljuykov,Hansenia forbesii (H.Boissieu) Pimenov & Kljuykov,Hansenia forbesii (H.Boissieu) Pimenov & Kljuykov,Hansenia forbesii,Melanosciadium tsinlingensis (K.T.Fu) Q.P.Jiang & X.J.He,Melanosciadium tsinlingensis,Hansenia,Melanosciadium
273632,Brachynema Griff.,Abrophyllum Hook.f.,Abrophyllum Hook.f.,Abrophyllum Hook.f.,,Sphenodesme Jack,,Abrophyllum,Sphenodesme
279185,Pseudalbizzia Britton & Rose,Albizia Durazz.,Albizia Durazz.,Albizia Durazz.,,Pseudalbizzia Britton & Rose,,Albizia,Pseudalbizzia
279191,Arthrosamanea Britton & Rose,Albizia Durazz.,Albizia Durazz.,Albizia Durazz.,,Pseudalbizzia Britton & Rose,,Albizia,Pseudalbizzia
280818,Sadiria solanifolia Mez,Amblyanthopsis membranacea (Wall. ex A.DC.) Mez,Amblyanthopsis membranacea (Wall. ex A.DC.) Mez,Amblyanthopsis membranacea (Wall. ex A.DC.) Mez,Amblyanthopsis membranacea,Sadiria solanifolia Mez,Sadiria solanifolia,Amblyanthopsis,Sadiria
282333,Eustylis Hook.f.,Angelica L.,Angelica L.,Angelica L.,,Scandia J.W.Dawson,,Angelica,Scandia
282562,Aniba megacarpa Hemsl.,Aniba canelilla (Kunth) Mez,Aniba canelilla (Kunth) Mez,Aniba canelilla (Kunth) Mez,Aniba canelilla,Licaria cannella subsp. cannella,Licaria cannella,Aniba,Licaria
283292,Ruschia decumbens L.Bolus,Antimima defecta (L.Bolus) H.E.K.Hartmann,Antimima defecta (L.Bolus) H.E.K.Hartmann,Antimima defecta (L.Bolus) H.E.K.Hartmann,Antimima defecta,Ruschia decumbens L.Bolus,Ruschia decumbens,Antimima,Ruschia
287822,Podlechiella Maassoumi & Kaz.Osaloo,Astragalus L.,Astragalus L.,Astragalus L.,,Podlechiella Maassoumi & Kaz.Osaloo,,Astragalus,Podlechiella
287947,Banfiopuntia Guiggi,Austrocylindropuntia Backeb.,Austrocylindropuntia Backeb.,Austrocylindropuntia Backeb.,,Tephrocactus Lem.,,Austrocylindropuntia,Tephrocactus
292924,"Sulcorebutia azurduyensis Gertel, Jucker & J.de Vries",Aylostera deminuta (F.A.C.Weber) Backeb.,Aylostera deminuta (F.A.C.Weber) Backeb.,Aylostera deminuta (F.A.C.Weber) Backeb.,Aylostera deminuta,Weingartia canigueralii (Cárdenas) F.H.Brandt,Weingartia canigueralii,Aylostera,Weingartia
292925,"Weingartia azurduyensis (Gertel, Jucker & J.de Vries) Hentzschel & K.Augustin",Aylostera deminuta (F.A.C.Weber) Backeb.,Aylostera deminuta (F.A.C.Weber) Backeb.,Aylostera deminuta (F.A.C.Weber) Backeb.,Aylostera deminuta,Weingartia canigueralii (Cárdenas) F.H.Brandt,Weingartia canigueralii,Aylostera,Weingartia
295410,Atrema DC.,Bifora Hoffm.,Bifora Hoffm.,Bifora Hoffm.,,Atrema DC.,,Bifora,Atrema
296980,Echinopepon palmeri S.Watson,Brandegea bigelovii (S.Watson) Cogn.,Brandegea bigelovii (S.Watson) Cogn.,Brandegea bigelovii (S.Watson) Cogn.,Brandegea bigelovii,Echinopepon insularis S.Watson,Echinopepon insularis,Brandegea,Echinopepon
296982,Vaseyanthus insularis var. palmeri (S.Watson) Gentry,Brandegea bigelovii (S.Watson) Cogn.,Brandegea bigelovii (S.Watson) Cogn.,Brandegea bigelovii (S.Watson) Cogn.,Brandegea bigelovii,Echinopepon insularis S.Watson,Echinopepon insularis,Brandegea,Echinopepon
296984,Vaseyanthus insularis var. brandegeei (Cogn.) I.M.Johnst.,Brandegea bigelovii (S.Watson) Cogn.,Brandegea bigelovii (S.Watson) Cogn.,Brandegea bigelovii (S.Watson) Cogn.,Brandegea bigelovii,Echinopepon insularis S.Watson,Echinopepon insularis,Brandegea,Echinopepon
296987,Vaseyanthus palmeri (S.Watson) Gentry,Brandegea bigelovii (S.Watson) Cogn.,Brandegea bigelovii (S.Watson) Cogn.,Brandegea bigelovii (S.Watson) Cogn.,Brandegea bigelovii,Echinopepon insularis S.Watson,Echinopepon insularis,Brandegea,Echinopepon
296988,Vaseyanthus brandegeei (Cogn.) Rose,Brandegea bigelovii (S.Watson) Cogn.,Brandegea bigelovii (S.Watson) Cogn.,Brandegea bigelovii (S.Watson) Cogn.,Brandegea bigelovii,Echinopepon insularis S.Watson,Echinopepon insularis,Brandegea,Echinopepon
296990,Brandegea palmeri (S.Watson) Rose,Brandegea bigelovii (S.Watson) Cogn.,Brandegea bigelovii (S.Watson) Cogn.,Brandegea bigelovii (S.Watson) Cogn.,Brandegea bigelovii,Echinopepon insularis S.Watson,Echinopepon insularis,Brandegea,Echinopepon
296991,Brasilicereus Backeb.,Facheiroa Britton & Rose,Facheiroa Britton & Rose,Facheiroa Britton & Rose,,Brasilicereus Backeb.,,Facheiroa,Brasilicereus
296994,Echinocystis brandegeei Cogn.,Brandegea bigelovii (S.Watson) Cogn.,Brandegea bigelovii (S.Watson) Cogn.,Brandegea bigelovii (S.Watson) Cogn.,Brandegea bigelovii,Echinopepon insularis S.Watson,Echinopepon insularis,Brandegea,Echinopepon
297005,"Bragaia Esteves, Hofacker & P.J.Braun",Facheiroa Britton & Rose,Facheiroa Britton & Rose,Facheiroa Britton & Rose,,"Bragaia Esteves, Hofacker & P.J.Braun",,Facheiroa,Bragaia
297013,Mortolopuntia Guiggi,Brasiliopuntia (K.Schum.) A.Berger,Brasiliopuntia (K.Schum.) A.Berger,Brasiliopuntia (K.Schum.) A.Berger,,Salmonopuntia P.V.Heath,,Brasiliopuntia,Salmonopuntia
297038,Brassica nigra var. laevigata (DC.) Alef.,Mutarda carinata (A.Braun) D.A.German,Mutarda carinata (A.Braun) D.A.German,Mutarda carinata (A.Braun) D.A.German,Mutarda carinata,Erucastrum strigosum (Thunb.) O.E.Schulz,Erucastrum strigosum,Mutarda,Erucastrum
299226,Bonduc Adans.,Caesalpinia Plum. ex L.,Caesalpinia Plum. ex L.,Caesalpinia Plum. ex L.,,Guilandina L.,,Caesalpinia,Guilandina
299231,Adenocalyx Bertero ex Kunth,Caesalpinia Plum. ex L.,Caesalpinia Plum. ex L.,Caesalpinia Plum. ex L.,,Coulteria Kunth,,Caesalpinia,Coulteria
299233,Ticanto Adans.,Caesalpinia Plum. ex L.,Caesalpinia Plum. ex L.,Caesalpinia Plum. ex L.,,Ticanto Adans.,,Caesalpinia,Ticanto
299234,Echyrospermum Schott,Caesalpinia Plum. ex L.,Caesalpinia Plum. ex L.,Caesalpinia Plum. ex L.,,Plathymenia Benth.,,Caesalpinia,Plathymenia
300825,Meesia Gaertn.,Campylospermum Tiegh.,Campylospermum Tiegh.,Campylospermum Tiegh.,,Philomeda Noronha ex Thouars,,Campylospermum,Philomeda
300829,Spongopyrena Tiegh.,Campylospermum Tiegh.,Campylospermum Tiegh.,Campylospermum Tiegh.,,Philomeda Noronha ex Thouars,,Campylospermum,Philomeda
300830,Campylocercum Tiegh.,Campylospermum Tiegh.,Campylospermum Tiegh.,Campylospermum Tiegh.,,Philomeda Noronha ex Thouars,,Campylospermum,Philomeda
300832,Walkera Schreb.,Campylospermum Tiegh.,Campylospermum Tiegh.,Campylospermum Tiegh.,,Philomeda Noronha ex Thouars,,Campylospermum,Philomeda
303896,Sparrea Hunz. & Dottori,Celtis L.,Celtis L.,Celtis L.,,Sparrea Hunz. & Dottori,,Celtis,Sparrea
304443,Doerriena Borkh.,Cerastium Tourn. ex L.,Cerastium Tourn. ex L.,Cerastium Tourn. ex L.,,Moenchia Ehrh.,,Cerastium,Moenchia
306683,Legocia Livera,Christisonia Gardner,Christisonia Gardner,Christisonia Gardner,,Campbellia Wight,,Christisonia,Campbellia
307195,Floribunda F.Ritter,Cipocereus F.Ritter,Cipocereus F.Ritter,Cipocereus F.Ritter,,Floribunda F.Ritter,,Cipocereus,Floribunda
307797,Calandrinia montana Phil.,Philippiamra calycina (Phil.) Hershk.,Philippiamra calycina (Phil.) Hershk.,Philippiamra calycina (Phil.) Hershk.,Philippiamra calycina,Montiopsis trifida (Hook. & Arn.) D.I.Ford,Montiopsis trifida,Philippiamra,Montiopsis
308381,Cephalocleistocactus F.Ritter,Cleistocactus Lem.,Cleistocactus Lem.,Cleistocactus Lem.,,Cephalocleistocactus F.Ritter,,Cleistocactus,Cephalocleistocactus
308385,Borzicactella F.Ritter,Cleistocactus Lem.,Cleistocactus Lem.,Cleistocactus Lem.,,Borzicactus Riccob.,,Cleistocactus,Borzicactus
310286,Neolloydia Britton & Rose,Cochemiea (K.Brandegee) Walton,Cochemiea (K.Brandegee) Walton,Cochemiea (K.Brandegee) Walton,,Neolloydia Britton & Rose,,Cochemiea,Neolloydia
310304,Ortegocactus Alexander,Cochemiea (K.Brandegee) Walton,Cochemiea (K.Brandegee) Walton,Cochemiea (K.Brandegee) Walton,,Ortegocactus Alexander,,Cochemiea,Ortegocactus
310636,Brassica mesopotamica (Spreng.) Bernh.,"Coincya tournefortii (Gouan) Alcaraz, T.E.Díaz, Rivas Mart. & Sánchez-Gómez","Coincya tournefortii (Gouan) Alcaraz, T.E.Díaz, Rivas Mart. & Sánchez-Gómez","Coincya tournefortii (Gouan) Alcaraz, T.E.Díaz, Rivas Mart. & Sánchez-Gómez",Coincya tournefortii,Mutarda arvensis (L.) D.A.German,Mutarda arvensis,Coincya,Mutarda
313170,Lithocardium macranthum (Cham.) Kuntze,Cordia alliodora (Ruiz & Pav.) Oken,Cordia alliodora (Ruiz & Pav.) Oken,Cordia alliodora (Ruiz & Pav.) Oken,Cordia alliodora,Varronia paucidentata (Fresen.) Friesen,Varronia paucidentata,Cordia,Varronia
315479,Luffa cylindrica var. multiflora (Spreng.) Domin,Cucumis melo L.,Cucumis melo L.,Cucumis melo L.,Cucumis melo,Luffa aegyptiaca Mill.,Luffa aegyptiaca,Cucumis,Luffa
315723,Luffa arabum Steud.,Cucumis melo L.,Cucumis melo L.,Cucumis melo L.,Cucumis melo,Luffa aegyptiaca Mill.,Luffa aegyptiaca,Cucumis,Luffa
315742,Luffa jacquinii Schrad.,Cucumis melo L.,Cucumis melo L.,Cucumis melo L.,Cucumis melo,Luffa aegyptiaca Mill.,Luffa aegyptiaca,Cucumis,Luffa
315748,Luffa hederacea Wall. ex G.Don,Cucumis melo L.,Cucumis melo L.,Cucumis melo L.,Cucumis melo,Luffa aegyptiaca Mill.,Luffa aegyptiaca,Cucumis,Luffa
315752,Luffa foetida Schrad.,Cucumis melo L.,Cucumis melo L.,Cucumis melo L.,Cucumis melo,Luffa aegyptiaca Mill.,Luffa aegyptiaca,Cucumis,Luffa
315759,Luffa striata Schrad.,Cucumis melo L.,Cucumis melo L.,Cucumis melo L.,Cucumis melo,Luffa aegyptiaca Mill.,Luffa aegyptiaca,Cucumis,Luffa
315765,Luffa veitchii Naudin,Cucumis melo L.,Cucumis melo L.,Cucumis melo L.,Cucumis melo,Luffa aegyptiaca Mill.,Luffa aegyptiaca,Cucumis,Luffa
315768,Luffa vittata Zipp. ex Span.,Cucumis melo L.,Cucumis melo L.,Cucumis melo L.,Cucumis melo,Luffa aegyptiaca Mill.,Luffa aegyptiaca,Cucumis,Luffa
315772,Luffa luffa (L.) A.Lyons,Cucumis melo L.,Cucumis melo L.,Cucumis melo L.,Cucumis melo,Luffa aegyptiaca Mill.,Luffa aegyptiaca,Cucumis,Luffa
315776,Luffa satpatia Buch.-Ham. ex G.Don,Cucumis melo L.,Cucumis melo L.,Cucumis melo L.,Cucumis melo,Luffa aegyptiaca Mill.,Luffa aegyptiaca,Cucumis,Luffa
315780,Luffa parvala Buch.-Ham.,Cucumis melo L.,Cucumis melo L.,Cucumis melo L.,Cucumis melo,Luffa aegyptiaca Mill.,Luffa aegyptiaca,Cucumis,Luffa
315784,Luffa scabra Schumach. & Thonn.,Cucumis melo L.,Cucumis melo L.,Cucumis melo L.,Cucumis melo,Luffa aegyptiaca Mill.,Luffa aegyptiaca,Cucumis,Luffa
315788,Luffa racemosa Roxb.,Cucumis melo L.,Cucumis melo L.,Cucumis melo L.,Cucumis melo,Luffa aegyptiaca Mill.,Luffa aegyptiaca,Cucumis,Luffa
315795,Luffa clavata Roxb.,Cucumis melo L.,Cucumis melo L.,Cucumis melo L.,Cucumis melo,Luffa aegyptiaca Mill.,Luffa aegyptiaca,Cucumis,Luffa
315799,Luffa cordata Meisn. ex M.Roem.,Cucumis melo L.,Cucumis melo L.,Cucumis melo L.,Cucumis melo,Luffa aegyptiaca Mill.,Luffa aegyptiaca,Cucumis,Luffa
317667,Didymocarpus pallidus Kraenzl.,Rhynchotechum copelandii (Elmer) Merr.,Rhynchotechum copelandii (Elmer) Merr.,Rhynchotechum copelandii (Elmer) Merr.,Rhynchotechum copelandii,Cyrtandra edanoi Olivar & Pelser,Cyrtandra edanoi,Rhynchotechum,Cyrtandra
320285,Dufrenoya Chatin,Dendrotrophe Miq.,Dendrotrophe Miq.,Dendrotrophe Miq.,,Dufrenoya Chatin,,Dendrotrophe,Dufrenoya
320326,Denmoza Britton & Rose,Echinopsis Zucc.,Echinopsis Zucc.,Echinopsis Zucc.,,Denmoza Britton & Rose,,Echinopsis,Denmoza
320494,Oxydium Benn.,Desmodium Desv.,Desmodium Desv.,Desmodium Desv.,,Eleiotis DC.,,Desmodium,Eleiotis
320879,Annona laevigata Mart.,Desmos chinensis Lour.,Desmos chinensis Lour.,Desmos chinensis Lour.,Desmos chinensis,Xylopia laevigata (Mart.) R.E.Fr.,Xylopia laevigata,Desmos,Xylopia
322580,Babactes oblongifolia (Roxb.) DC.,Didymocarpus acuminatus R.Br.,Didymocarpus acuminatus R.Br.,Didymocarpus acuminatus R.Br.,Didymocarpus acuminatus,Henckelia oblongifolia (Roxb.) D.J.Middleton & Mich.Möller,Henckelia oblongifolia,Didymocarpus,Henckelia
322972,Lepidamphora Zoll. ex Miq.,Dioclea Kunth,Dioclea Kunth,Dioclea Kunth,,Macropsychanthus Harms,,Dioclea,Macropsychanthus
323736,Oryxis A.Delgado & G.P.Lewis,Dolichopsis Hassl.,Dolichopsis Hassl.,Dolichopsis Hassl.,,Oryxis A.Delgado & G.P.Lewis,,Dolichopsis,Oryxis
325433,Chenopodium anthelminticum var. hastatum Moq.,Dysphania ambrosioides (L.) Mosyakin & Clemants,Dysphania ambrosioides (L.) Mosyakin & Clemants,Dysphania ambrosioides (L.) Mosyakin & Clemants,Dysphania ambrosioides,Blitum californicum S.Watson,Blitum californicum,Dysphania,Blitum
325727,Homalocephala Britton & Rose,Echinocactus Link & Otto,Echinocactus Link & Otto,Echinocactus Link & Otto,,Homalocephala Britton & Rose,,Echinocactus,Homalocephala
326398,Ehretia indica (Dennst. ex Kostel.) M.R.Almeida & S.M.Almeida,Ehretia aspera Willd.,Ehretia aspera Willd.,Ehretia aspera Willd.,Ehretia aspera,Blachia umbellata (Willd.) Baill.,Blachia umbellata,Ehretia,Blachia
330405,Cactus berteroi Colla,Eriosyce subgibbosa (Haw.) Katt.,Eriosyce subgibbosa (Haw.) Katt.,Eriosyce subgibbosa (Haw.) Katt.,Eriosyce subgibbosa,Cumulopuntia berteroi (Colla) F.Ritter,Cumulopuntia berteroi,Eriosyce,Cumulopuntia
330829,Brassica purpurascens Banks & Sol.,Erucaria hispanica (L.) Druce,Erucaria hispanica (L.) Druce,Erucaria hispanica (L.) Druce,Erucaria hispanica,Chorispora purpurascens (Banks & Sol.) Eig,Chorispora purpurascens,Erucaria,Chorispora
333829,Uloptera Fenzl,Ferulago W.D.J.Koch,Ferulago W.D.J.Koch,Ferulago W.D.J.Koch,,Lophosciadium DC.,,Ferulago,Lophosciadium
333840,Lophosciadium DC.,Ferulago W.D.J.Koch,Ferulago W.D.J.Koch,Ferulago W.D.J.Koch,,Lophosciadium DC.,,Ferulago,Lophosciadium
333842,Hammatocaulis Tausch,Ferulago W.D.J.Koch,Ferulago W.D.J.Koch,Ferulago W.D.J.Koch,,Lophosciadium DC.,,Ferulago,Lophosciadium
335467,Lenbrassia G.W.Gillett,Fieldia A.Cunn.,Fieldia A.Cunn.,Fieldia A.Cunn.,,Lenbrassia G.W.Gillett,,Fieldia,Lenbrassia
336591,Bonplandia Willd.,Galipea Aubl.,Galipea Aubl.,Galipea Aubl.,,Angostura Roem. & Schult.,,Galipea,Angostura
340922,Muellerolimon Lincz.,Goniolimon Boiss.,Goniolimon Boiss.,Goniolimon Boiss.,,Muellerolimon Lincz.,,Goniolimon,Muellerolimon
342546,Micropuntia Daston,Grusonia F.Rchb. ex Britton & Rose,Grusonia F.Rchb. ex Britton & Rose,Grusonia F.Rchb. ex Britton & Rose,,Micropuntia Daston,,Grusonia,Micropuntia
342972,Guioa chrysantha Radlk.,Guioa semiglauca (F.Muell.) Radlk.,Guioa semiglauca (F.Muell.) Radlk.,Guioa semiglauca (F.Muell.) Radlk.,Guioa semiglauca,Toechima dasyrrhache Radlk.,Toechima dasyrrhache,Guioa,Toechima
343470,Jordania Boiss.,Gypsophila L.,Gypsophila L.,Gypsophila L.,,Jordania Boiss.,,Gypsophila,Jordania
344383,Serrulatocereus Guiggi,Harrisia Britton,Harrisia Britton,Harrisia Britton,,Cereus Mill.,,Harrisia,Cereus
344573,Hebenstretia fruticosa L.f.,Hebenstretia dentata L.,Hebenstretia dentata L.,Hebenstretia dentata L.,Hebenstretia dentata,Dischisma fruticosum (L.f.) Rolfe,Dischisma fruticosum,Hebenstretia,Dischisma
348207,Cubelium Raf. ex Britton & A.Br.,Hybanthus Jacq.,Hybanthus Jacq.,Hybanthus Jacq.,,Cubelium Raf. ex Britton & A.Br.,,Hybanthus,Cubelium
348238,Paropyrum Ulbr.,Isopyrum L.,Isopyrum L.,Isopyrum L.,,Paropyrum Ulbr.,,Isopyrum,Paropyrum
350654,Indigofera enneaphylla L.,Indigofera tsiangiana Metcalf,Indigofera tsiangiana Metcalf,Indigofera tsiangiana Metcalf,Indigofera tsiangiana,Psoralea pinnata L.,Psoralea pinnata,Indigofera,Psoralea
356465,Sedobassia Freitag & G.Kadereit,Grubovia Freitag & G.Kadereit,Grubovia Freitag & G.Kadereit,Grubovia Freitag & G.Kadereit,,Sedobassia Freitag & G.Kadereit,,Grubovia,Sedobassia
356474,Phaseolus violaceus Vell.,Helicotropis linearis (Kunth) A.Delgado,Helicotropis linearis (Kunth) A.Delgado,Helicotropis linearis (Kunth) A.Delgado,Helicotropis linearis,Sigmoidotropis grandiflora (Steud.) A.Delgado,Sigmoidotropis grandiflora,Helicotropis,Sigmoidotropis
356475,Phaseolus grandiflorus Steud.,Helicotropis linearis (Kunth) A.Delgado,Helicotropis linearis (Kunth) A.Delgado,Helicotropis linearis (Kunth) A.Delgado,Helicotropis linearis,Sigmoidotropis grandiflora (Steud.) A.Delgado,Sigmoidotropis grandiflora,Helicotropis,Sigmoidotropis
356486,Phaseolus linearis var. violaceus Hassl.,Helicotropis linearis (Kunth) A.Delgado,Helicotropis linearis (Kunth) A.Delgado,Helicotropis linearis (Kunth) A.Delgado,Helicotropis linearis,Sigmoidotropis grandiflora (Steud.) A.Delgado,Sigmoidotropis grandiflora,Helicotropis,Sigmoidotropis
358462,Polygala unguiculata Poir.,Asemeia violacea (Aubl.) J.F.B.Pastore & J.R.Abbott,Asemeia violacea (Aubl.) J.F.B.Pastore & J.R.Abbott,Asemeia violacea (Aubl.) J.F.B.Pastore & J.R.Abbott,Asemeia violacea,Chamaebuxus unguiculata (Poir.) J.F.B.Pastore,Chamaebuxus unguiculata,Asemeia,Chamaebuxus
358465,Polygala caripensis Turcz.,Asemeia violacea (Aubl.) J.F.B.Pastore & J.R.Abbott,Asemeia violacea (Aubl.) J.F.B.Pastore & J.R.Abbott,Asemeia violacea (Aubl.) J.F.B.Pastore & J.R.Abbott,Asemeia violacea,Senega paniculata (L.) J.F.B.Pastore & J.R.Abbott,Senega paniculata,Asemeia,Senega
363632,Galatella tenuifolia Lindl. ex DC.,Cosmos bipinnatus Cav.,Cosmos bipinnatus Cav.,Cosmos bipinnatus Cav.,Cosmos bipinnatus,Galatella hauptii (Ledeb.) Lindl. ex DC.,Galatella hauptii,Cosmos,Galatella
368060,Potentilla multifida var. pitensis Hyl.,Drymocallis arguta (Pursh) Rydb.,Drymocallis arguta (Pursh) Rydb.,Drymocallis arguta (Pursh) Rydb.,Drymocallis arguta,Potentilla arctica Rouy,Potentilla arctica,Drymocallis,Potentilla
368061,Potentilla multifida var. lapponica F.Nyl.,Drymocallis arguta (Pursh) Rydb.,Drymocallis arguta (Pursh) Rydb.,Drymocallis arguta (Pursh) Rydb.,Drymocallis arguta,Potentilla arctica Rouy,Potentilla arctica,Drymocallis,Potentilla
368062,Potentilla multifida proles lapponica (F.Nyl.) Th.Wolf,Drymocallis arguta (Pursh) Rydb.,Drymocallis arguta (Pursh) Rydb.,Drymocallis arguta (Pursh) Rydb.,Drymocallis arguta,Potentilla arctica Rouy,Potentilla arctica,Drymocallis,Potentilla
368063,Potentilla multifida var. lulensis Hyl.,Drymocallis arguta (Pursh) Rydb.,Drymocallis arguta (Pursh) Rydb.,Drymocallis arguta (Pursh) Rydb.,Drymocallis arguta,Potentilla arctica Rouy,Potentilla arctica,Drymocallis,Potentilla
368064,Potentilla lapponica (F.Nyl.) Juz.,Drymocallis arguta (Pursh) Rydb.,Drymocallis arguta (Pursh) Rydb.,Drymocallis arguta (Pursh) Rydb.,Drymocallis arguta,Potentilla arctica Rouy,Potentilla arctica,Drymocallis,Potentilla
380616,× Sorbaronia dippelii var. superaria C.K.Schneid.,× Aroniaria dippelii (Zabel) Mezhenskyj,× Aroniaria dippelii (Zabel) Mezhenskyj,× Aroniaria dippelii (Zabel) Mezhenskyj,× Aroniaria dippelii,Aria edulis (Willd.) M.Roem.,Aria edulis,× Aroniaria,Aria
380727,Robinia pyramidata Mill.,Cenostigma gaumeri (Greenm.) Gagnon & G.P.Lewis,Cenostigma gaumeri (Greenm.) Gagnon & G.P.Lewis,Cenostigma gaumeri (Greenm.) Gagnon & G.P.Lewis,Cenostigma gaumeri,Erythrostemon yucatanensis var. yucatanensis,Erythrostemon yucatanensis,Cenostigma,Erythrostemon
381852,Lobivia chrysacantha (Backeb.) H.P.Kelsey & Dayton,Echinopsis jajoana (Backeb.) Blossf.,Echinopsis jajoana (Backeb.) Blossf.,Echinopsis jajoana (Backeb.) Blossf.,Echinopsis jajoana,Rebutia minuscula var. minuscula,Rebutia minuscula,Echinopsis,Rebutia
382220,Lablab javanicus Miq.,Lablab purpureus subsp. purpureus,Lablab purpureus subsp. purpureus,Lablab purpureus subsp. purpureus,Lablab purpureus,Vigna luteola (Jacq.) Benth.,Vigna luteola,Lablab,Vigna
386426,Monochaetum canescens (Bonpl.) J.F.Macbr.,Monochaetum bonplandii (Kunth) Naudin,Monochaetum bonplandii (Kunth) Naudin,Monochaetum bonplandii (Kunth) Naudin,Monochaetum bonplandii,Brachyotum ledifolium (Desr.) Triana,Brachyotum ledifolium,Monochaetum,Brachyotum
387180,Bamlera K.Schum. & Lauterb.,Astronidium A.Gray,Astronidium A.Gray,Astronidium A.Gray,,Bamlera K.Schum. & Lauterb.,,Astronidium,Bamlera
391628,Arctium intermedium Lange,Cousinia chlorocephala C.A.Mey. ex DC.,Cousinia chlorocephala C.A.Mey. ex DC.,Cousinia chlorocephala C.A.Mey. ex DC.,Cousinia chlorocephala,Arctium nemorosum Lej.,Arctium nemorosum,Cousinia,Arctium
392980,Vernonia bolleana Sch.Bip.,Bolanosa coulteri A.Gray,Bolanosa coulteri A.Gray,Bolanosa coulteri A.Gray,Bolanosa coulteri,Vernonia bolleana Sch.Bip.,Vernonia bolleana,Bolanosa,Vernonia
394294,Vernonia oligocephala Edgew.,Lepidaploa aurea (Mart. ex DC.) H.Rob.,Lepidaploa aurea (Mart. ex DC.) H.Rob.,Lepidaploa aurea (Mart. ex DC.) H.Rob.,Lepidaploa aurea,Vernonia revoluta Buch.-Ham.,Vernonia revoluta,Lepidaploa,Vernonia
394992,Cacalia terniflora (Less.) Kuntze,Piptocoma vernonioides (Kunth) Pruski,Piptocoma vernonioides (Kunth) Pruski,Piptocoma vernonioides (Kunth) Pruski,Piptocoma vernonioides,Oliganthes triflora Cass.,Oliganthes triflora,Piptocoma,Oliganthes
394994,Oliganthes triflora Cass.,Piptocoma vernonioides (Kunth) Pruski,Piptocoma vernonioides (Kunth) Pruski,Piptocoma vernonioides (Kunth) Pruski,Piptocoma vernonioides,Oliganthes triflora Cass.,Oliganthes triflora,Piptocoma,Oliganthes
394996,Vernonia faradifani Scott Elliot,Piptocoma vernonioides (Kunth) Pruski,Piptocoma vernonioides (Kunth) Pruski,Piptocoma vernonioides (Kunth) Pruski,Piptocoma vernonioides,Oliganthes triflora Cass.,Oliganthes triflora,Piptocoma,Oliganthes
394997,Vernonia terniflora Less.,Piptocoma vernonioides (Kunth) Pruski,Piptocoma vernonioides (Kunth) Pruski,Piptocoma vernonioides (Kunth) Pruski,Piptocoma vernonioides,Oliganthes triflora Cass.,Oliganthes triflora,Piptocoma,Oliganthes
395533,Cyanopis madagascariensis DC.,Cyanthillium patulum (Aiton) H.Rob.,Cyanthillium patulum (Aiton) H.Rob.,Cyanthillium patulum (Aiton) H.Rob.,Cyanthillium patulum,Bothriocline madagascariensis (DC.) C.Jeffrey,Bothriocline madagascariensis,Cyanthillium,Bothriocline
395541,Vernonia pratensis Klatt,Cyanthillium patulum (Aiton) H.Rob.,Cyanthillium patulum (Aiton) H.Rob.,Cyanthillium patulum (Aiton) H.Rob.,Cyanthillium patulum,Bothriocline madagascariensis (DC.) C.Jeffrey,Bothriocline madagascariensis,Cyanthillium,Bothriocline
395543,Bothriocline madagascariensis (DC.) C.Jeffrey,Cyanthillium patulum (Aiton) H.Rob.,Cyanthillium patulum (Aiton) H.Rob.,Cyanthillium patulum (Aiton) H.Rob.,Cyanthillium patulum,Bothriocline madagascariensis (DC.) C.Jeffrey,Bothriocline madagascariensis,Cyanthillium,Bothriocline
395791,Vernonia andohii C.D.Adams,Brenandendron donianum (DC.) H.Rob.,Brenandendron donianum (DC.) H.Rob.,Brenandendron donianum (DC.) H.Rob.,Brenandendron donianum,Vernonia andohii C.D.Adams,Vernonia andohii,Brenandendron,Vernonia
403394,Leontodon pavonii Boiss.,Leontodon hispidus subsp. hispidus,Leontodon hispidus subsp. hispidus,Leontodon hispidus subsp. hispidus,Leontodon hispidus,Hypochaeris radicata L.,Hypochaeris radicata,Leontodon,Hypochaeris
403666,Arctotis lanata Thunb.,Haplocarpha lanata Less.,Haplocarpha lanata Less.,Haplocarpha lanata Less.,Haplocarpha lanata,Arctotis acaulis L.,Arctotis acaulis,Haplocarpha,Arctotis
403667,Haplocarpha thunbergii Less.,Haplocarpha lanata Less.,Haplocarpha lanata Less.,Haplocarpha lanata Less.,Haplocarpha lanata,Arctotis acaulis L.,Arctotis acaulis,Haplocarpha,Arctotis
403940,Cacalia syneilesis (Franch. & Sav.) Matsum.,Japonicalia delphiniifolia (Siebold & Zucc.) C.Ren & Q.E.Yang,Japonicalia delphiniifolia (Siebold & Zucc.) C.Ren & Q.E.Yang,Japonicalia delphiniifolia (Siebold & Zucc.) C.Ren & Q.E.Yang,Japonicalia delphiniifolia,Syneilesis palmata (Thunb.) Maxim.,Syneilesis palmata,Japonicalia,Syneilesis
403949,Senecio syneilesis Franch. & Sav.,Japonicalia delphiniifolia (Siebold & Zucc.) C.Ren & Q.E.Yang,Japonicalia delphiniifolia (Siebold & Zucc.) C.Ren & Q.E.Yang,Japonicalia delphiniifolia (Siebold & Zucc.) C.Ren & Q.E.Yang,Japonicalia delphiniifolia,Syneilesis palmata (Thunb.) Maxim.,Syneilesis palmata,Japonicalia,Syneilesis
406077,Senecio leptophyllus DC.,Kleinia leptophylla C.Jeffrey,Kleinia leptophylla C.Jeffrey,Kleinia leptophylla C.Jeffrey,Kleinia leptophylla,Senecio leptophyllus DC.,Senecio leptophyllus,Kleinia,Senecio
406668,Werneria lehmannii Klatt,Werneria glandulosa Wedd.,Werneria glandulosa Wedd.,Werneria glandulosa Wedd.,Werneria glandulosa,Hypochaeris sessiliflora Kunth,Hypochaeris sessiliflora,Werneria,Hypochaeris
407499,Stoebe fasciculata Thunb.,Metalasia brevifolia (Lam.) Levyns,Metalasia brevifolia (Lam.) Levyns,Metalasia brevifolia (Lam.) Levyns,Metalasia brevifolia,Ifloga ambigua (L.) Druce,Ifloga ambigua,Metalasia,Ifloga
407640,Cassinia rubra Buchanan,Ozothamnus lepidophyllus Steetz,Ozothamnus lepidophyllus Steetz,Cassinia lepidophylla (Steetz) Schmidt-Leb.,Cassinia lepidophylla,Ozothamnus leptophyllus (G.Forst.) Breitw. & J.M.Ward,Ozothamnus leptophyllus,Cassinia,Ozothamnus
408480,Gnaphalium petiolatum L.,Helichrysum petiolare Hilliard & B.L.Burtt,Helichrysum petiolare Hilliard & B.L.Burtt,Helichrysum petiolare Hilliard & B.L.Burtt,Helichrysum petiolare,Staehelina petiolata (L.) Hilliard & B.L.Burtt,Staehelina petiolata,Helichrysum,Staehelina
409064,Gnaphalium simplex A.Rich.,Euchiton collinus Cass.,Euchiton collinus Cass.,Euchiton collinus Cass.,Euchiton collinus,"Pseudognaphalium lanatum (G.Forst.) Smissen, Breitw. & de Lange",Pseudognaphalium lanatum,Euchiton,Pseudognaphalium
409636,Aster fischeri Kuntze,Eurybia divaricata (L.) G.L.Nesom,Eurybia divaricata (L.) G.L.Nesom,Eurybia divaricata (L.) G.L.Nesom,Eurybia divaricata,Galatella divaricata (M.Bieb.) Novopokr.,Galatella divaricata,Eurybia,Galatella
410537,Dichrocephala paniculata Miq.,Dichrocephala integrifolia subsp. integrifolia,Dichrocephala integrifolia subsp. integrifolia,Dichrocephala integrifolia subsp. integrifolia,Dichrocephala integrifolia,Myriactis javanica (Blume) DC.,Myriactis javanica,Dichrocephala,Myriactis
410990,Olearia arguta var. lanata Benth.,Camptacra gracilis (Benth.) Lander,Camptacra gracilis (Benth.) Lander,Camptacra gracilis (Benth.) Lander,Camptacra gracilis,Olearia arguta Benth.,Olearia arguta,Camptacra,Olearia
410993,Aster argutus R.Br. ex Benth.,Camptacra gracilis (Benth.) Lander,Camptacra gracilis (Benth.) Lander,Camptacra gracilis (Benth.) Lander,Camptacra gracilis,Olearia arguta Benth.,Olearia arguta,Camptacra,Olearia
410994,Olearia arguta Benth.,Camptacra gracilis (Benth.) Lander,Camptacra gracilis (Benth.) Lander,Camptacra gracilis (Benth.) Lander,Camptacra gracilis,Olearia arguta Benth.,Olearia arguta,Camptacra,Olearia
411095,Brachyscome scapiformis var. glabra DC.,Vittadinia spathulata F.Muell. ex Sond.,Vittadinia spathulata F.Muell. ex Sond.,Vittadinia spathulata F.Muell. ex Sond.,Vittadinia spathulata,Brachyscome spathulata Gaudich.,Brachyscome spathulata,Vittadinia,Brachyscome
411360,Aster serrulatus Harv.,Afroaster serrulatus (Harv.) J.C.Manning & Goldblatt,Afroaster serrulatus (Harv.) J.C.Manning & Goldblatt,Afroaster serrulatus (Harv.) J.C.Manning & Goldblatt,Afroaster serrulatus,Felicia hyssopifolia subsp. hyssopifolia,Felicia hyssopifolia,Afroaster,Felicia
415888,Balsamita virgata Desf.,Plagius grandis (L.) Alavi & Heywood,Plagius grandis (L.) Alavi & Heywood,Plagius grandis (L.) Alavi & Heywood,Plagius grandis,Leucanthemum virgatum (Desf.) Clos,Leucanthemum virgatum,Plagius,Leucanthemum
415892,Tanacetum virgatum (Desf.) Cramer,Plagius grandis (L.) Alavi & Heywood,Plagius grandis (L.) Alavi & Heywood,Plagius grandis (L.) Alavi & Heywood,Plagius grandis,Leucanthemum virgatum (Desf.) Clos,Leucanthemum virgatum,Plagius,Leucanthemum
415899,Plagius virgatus (Desf.) DC.,Plagius grandis (L.) Alavi & Heywood,Plagius grandis (L.) Alavi & Heywood,Plagius grandis (L.) Alavi & Heywood,Plagius grandis,Leucanthemum virgatum (Desf.) Clos,Leucanthemum virgatum,Plagius,Leucanthemum
416328,Inula saxatilis Lam.,Dittrichia viscosa subsp. viscosa,Dittrichia viscosa subsp. viscosa,Dittrichia viscosa subsp. viscosa,Dittrichia viscosa,Chiliadenus glutinosus (L.) Fourr.,Chiliadenus glutinosus,Dittrichia,Chiliadenus
416330,Chiliadenus saxatilis (Lam.) Brullo,Dittrichia viscosa subsp. viscosa,Dittrichia viscosa subsp. viscosa,Dittrichia viscosa subsp. viscosa,Dittrichia viscosa,Chiliadenus glutinosus (L.) Fourr.,Chiliadenus glutinosus,Dittrichia,Chiliadenus
419108,Epilepis Benth.,Coreopsis L.,Coreopsis L.,Coreopsis L.,,Epilepis Benth.,,Coreopsis,Epilepis
419247,Chrysostemma Less.,Coreopsis L.,Coreopsis L.,Coreopsis L.,,Anacis Schrank,,Coreopsis,Anacis
419332,Agarista DC.,Coreopsis L.,Coreopsis L.,Coreopsis L.,,Leptosyne DC.,,Coreopsis,Leptosyne
419924,Calea clausseniana var. regnelliana Baker,Tetrachyron grayi (Klatt) Wussow & Urbatsch,Tetrachyron grayi (Klatt) Wussow & Urbatsch,Tetrachyron grayi (Klatt) Wussow & Urbatsch,Tetrachyron grayi,Calea formosa Chodat,Calea formosa,Tetrachyron,Calea
423644,Plectreca Raf.,Vernonia Schreb.,Vernonia Schreb.,Vernonia Schreb.,,Gymnanthemum Cass.,,Vernonia,Gymnanthemum
423780,Notonia DC.,Porophyllum Guett.,Porophyllum Guett.,Porophyllum Guett.,,Kleinia Mill.,,Porophyllum,Kleinia
423782,Notoniopsis B.Nord.,Porophyllum Guett.,Porophyllum Guett.,Porophyllum Guett.,,Kleinia Mill.,,Porophyllum,Kleinia
423819,Correllia A.M.Powell,Perityle Benth.,Perityle Benth.,Perityle Benth.,,Galinsogeopsis Sch.Bip.,,Perityle,Galinsogeopsis
423822,Nesothamnus Rydb.,Perityle Benth.,Perityle Benth.,Perityle Benth.,,Nesothamnus Rydb.,,Perityle,Nesothamnus
423823,Leptopharynx Rydb.,Perityle Benth.,Perityle Benth.,Perityle Benth.,,Laphamia A.Gray,,Perityle,Laphamia
423824,Monothrix Torr.,Perityle Benth.,Perityle Benth.,Perityle Benth.,,Laphamia A.Gray,,Perityle,Laphamia
423825,Galinsogeopsis Sch.Bip.,Perityle Benth.,Perityle Benth.,Perityle Benth.,,Galinsogeopsis Sch.Bip.,,Perityle,Galinsogeopsis
423826,Laphamia A.Gray,Perityle Benth.,Perityle Benth.,Perityle Benth.,,Laphamia A.Gray,,Perityle,Laphamia
423827,Pappothrix (A.Gray) Rydb.,Perityle Benth.,Perityle Benth.,Perityle Benth.,,Laphamia A.Gray,,Perityle,Laphamia
423890,Tuckermannia Nutt.,Coreopsis L.,Coreopsis L.,Coreopsis L.,,Leptosyne DC.,,Coreopsis,Leptosyne
423897,Anacis Schrank,Coreopsis L.,Coreopsis L.,Coreopsis L.,,Anacis Schrank,,Coreopsis,Anacis
424173,Elachanthemum Y.Ling & Y.R.Ling,Stilpnolepis Krasch.,Stilpnolepis Krasch.,Stilpnolepis Krasch.,,Elachanthemum Y.Ling & Y.R.Ling,,Stilpnolepis,Elachanthemum
424377,Parachionolaena M.O.Dillon & Sagást.,Chionolaena DC.,Chionolaena DC.,Chionolaena DC.,,Gnaphaliothamnus Kirp.,,Chionolaena,Gnaphaliothamnus
424568,Phonus Hill,Carthamus L.,Carthamus L.,Carthamus L.,,Phonus Hill,,Carthamus,Phonus
424572,Heracantha Hoffmanns. & Link,Carthamus L.,Carthamus L.,Carthamus L.,,Phonus Hill,,Carthamus,Phonus
424577,Femeniasia Susanna,Carthamus L.,Carthamus L.,Carthamus L.,,Femeniasia Susanna,,Carthamus,Femeniasia
424578,Carduncellus Adans.,Carthamus L.,Carthamus L.,Carthamus L.,,Carduncellus Adans.,,Carthamus,Carduncellus
424612,Centaurium Haller,Centaurea L.,Centaurea L.,Centaurea L.,,Rhaponticum Ludwig,,Centaurea,Rhaponticum
424703,Nothocalais (A.Gray) Greene,Microseris D.Don,Microseris D.Don,Microseris D.Don,,Nothocalais (A.Gray) Greene,,Microseris,Nothocalais
424707,Stebbinsoseris K.L.Chambers,Microseris D.Don,Microseris D.Don,Microseris D.Don,,Stebbinsoseris K.L.Chambers,,Microseris,Stebbinsoseris
424709,Uropappus Nutt.,Microseris D.Don,Microseris D.Don,Microseris D.Don,,Uropappus Nutt.,,Microseris,Uropappus
424721,Prenanthella Rydb.,Lygodesmia D.Don,Lygodesmia D.Don,Lygodesmia D.Don,,Prenanthella Rydb.,,Lygodesmia,Prenanthella
430233,Dryopteris disjuncta f. glandulosa (R.M.Tryon) Cody,Gymnocarpium disjunctum (Rupr.) Ching,Gymnocarpium disjunctum (Rupr.) Ching,Gymnocarpium disjunctum (Rupr.) Ching,Gymnocarpium disjunctum,Thelypteris maxoniana A.R.Sm.,Thelypteris maxoniana,Gymnocarpium,Thelypteris
430304,Cyathea attenuata Fée,Cyathea mexiae Copel.,Cyathea mexiae Copel.,Cyathea mexiae Copel.,Cyathea mexiae,Sphaeropteris gardneri (Hook.) R.M.Tryon,Sphaeropteris gardneri,Cyathea,Sphaeropteris
430305,Cyathea incurvata Kunze,Cyathea mexiae Copel.,Cyathea mexiae Copel.,Cyathea mexiae Copel.,Cyathea mexiae,Sphaeropteris gardneri (Hook.) R.M.Tryon,Sphaeropteris gardneri,Cyathea,Sphaeropteris
430306,Cyathea mamillata Fée,Cyathea mexiae Copel.,Cyathea mexiae Copel.,Cyathea mexiae Copel.,Cyathea mexiae,Sphaeropteris gardneri (Hook.) R.M.Tryon,Sphaeropteris gardneri,Cyathea,Sphaeropteris
430307,Cyathea taunaysiana Glaz. & Fée,Cyathea mexiae Copel.,Cyathea mexiae Copel.,Cyathea mexiae Copel.,Cyathea mexiae,Sphaeropteris gardneri (Hook.) R.M.Tryon,Sphaeropteris gardneri,Cyathea,Sphaeropteris
430308,Sphaeropteris gardneri (Hook.) R.M.Tryon,Cyathea mexiae Copel.,Cyathea mexiae Copel.,Cyathea mexiae Copel.,Cyathea mexiae,Sphaeropteris gardneri (Hook.) R.M.Tryon,Sphaeropteris gardneri,Cyathea,Sphaeropteris
431195,Asplenium arifolium Burm.f.,Acrostichum aureum L.,Acrostichum aureum L.,Acrostichum aureum L.,Acrostichum aureum,Hemionitis arifolia (Burm.f.) T.Moore,Hemionitis arifolia,Acrostichum,Hemionitis
434846,Polypodium berteroanum Spreng.,Megalastrum inaequalifolium (Colla) A.R.Sm. & R.C.Moran,Megalastrum inaequalifolium (Colla) A.R.Sm. & R.C.Moran,Megalastrum inaequalifolium (Colla) A.R.Sm. & R.C.Moran,Megalastrum inaequalifolium,Rumohra adiantiformis (G.Forst.) Ching,Rumohra adiantiformis,Megalastrum,Rumohra
436712,Polypodium parkinsonii Baker,Phymatosorus parksii (Copel.) Brownlie,Phymatosorus parksii (Copel.) Brownlie,Phymatosorus parksii (Copel.) Brownlie,Phymatosorus parksii,Drynaria parkinsonii (Baker) Diels,Drynaria parkinsonii,Phymatosorus,Drynaria
436807,Polypodium ensiforme Vell.,Campyloneurum decurrens (Raddi) C.Presl,Campyloneurum decurrens (Raddi) C.Presl,Campyloneurum decurrens (Raddi) C.Presl,Campyloneurum decurrens,Serpocaulon triseriale (Sw.) A.R.Sm.,Serpocaulon triseriale,Campyloneurum,Serpocaulon
437071,Polypodium loriceum var. umbraticum Christ,Pecluma plectolepidioides (Rosenst.) A.Rojas,Pecluma plectolepidioides (Rosenst.) A.Rojas,Pecluma plectolepidioides (Rosenst.) A.Rojas,Pecluma plectolepidioides,Serpocaulon dissimile (L.) A.R.Sm.,Serpocaulon dissimile,Pecluma,Serpocaulon
439745,Alsophila fragilis Zoll. & Moritzi,Thelypteris lineata (Blume) K.Iwats.,Thelypteris lineata (Blume) K.Iwats.,Thelypteris lineata (Blume) K.Iwats.,Thelypteris lineata,Arachniodes aristata (G.Forst.) Tindale,Arachniodes aristata,Thelypteris,Arachniodes
439750,Meniscium fragile Kunze,Thelypteris lineata (Blume) K.Iwats.,Thelypteris lineata (Blume) K.Iwats.,Thelypteris lineata (Blume) K.Iwats.,Thelypteris lineata,Arachniodes aristata (G.Forst.) Tindale,Arachniodes aristata,Thelypteris,Arachniodes
440176,Deparia petersenii subsp. congrua (Brack.) M.Kato,Deparia tenuifolia (Kirk) M.Kato,Deparia tenuifolia (Kirk) M.Kato,Deparia tenuifolia (Kirk) M.Kato,Deparia tenuifolia,Diplazium congruum Brack.,Diplazium congruum,Deparia,Diplazium
440177,Asplenium congruum (Brack.) Christ,Deparia tenuifolia (Kirk) M.Kato,Deparia tenuifolia (Kirk) M.Kato,Deparia tenuifolia (Kirk) M.Kato,Deparia tenuifolia,Diplazium congruum Brack.,Diplazium congruum,Deparia,Diplazium
440178,Athyrium congruum (Brack.) Copel.,Deparia tenuifolia (Kirk) M.Kato,Deparia tenuifolia (Kirk) M.Kato,Deparia tenuifolia (Kirk) M.Kato,Deparia tenuifolia,Diplazium congruum Brack.,Diplazium congruum,Deparia,Diplazium
440179,Diplazium congruum Brack.,Deparia tenuifolia (Kirk) M.Kato,Deparia tenuifolia (Kirk) M.Kato,Deparia tenuifolia (Kirk) M.Kato,Deparia tenuifolia,Diplazium congruum Brack.,Diplazium congruum,Deparia,Diplazium
440180,Athyrium humile Watts,Deparia tenuifolia (Kirk) M.Kato,Deparia tenuifolia (Kirk) M.Kato,Deparia tenuifolia (Kirk) M.Kato,Deparia tenuifolia,Diplazium congruum Brack.,Diplazium congruum,Deparia,Diplazium
441375,Nesoris Raf.,Pyrrosia Mirb.,Pyrrosia Mirb.,Pyrrosia Mirb.,,Pityrogramma Link,,Pyrrosia,Pityrogramma
441406,Trichoneuron Ching,Lastreopsis Ching,Lastreopsis Ching,Lastreopsis Ching,,Trichoneuron Ching,,Lastreopsis,Trichoneuron
441467,Parahemionitis Panigrahi,Acrostichum L.,Acrostichum L.,Acrostichum L.,,Hemionitis L.,,Acrostichum,Hemionitis
441557,Rouxopteris Hong M.Liu,Gleichenia Sm.,Gleichenia Sm.,Gleichenia Sm.,,Rouxopteris Hong M.Liu,,Gleichenia,Rouxopteris
445417,Hedysarum oxalifolium Buch.-Ham. ex Benn.,Sohmaea laxiflora (DC.) H.Ohashi & K.Ohashi,Sohmaea laxiflora (DC.) H.Ohashi & K.Ohashi,Sohmaea laxiflora (DC.) H.Ohashi & K.Ohashi,Sohmaea laxiflora,Eleiotis rottleri Wight & Arn.,Eleiotis rottleri,Sohmaea,Eleiotis
447269,Ulex parviflorus subsp. willkommii (Webb) Borja & al.,Ulex parviflorus subsp. parviflorus,Ulex parviflorus subsp. parviflorus,Ulex parviflorus subsp. parviflorus,Ulex parviflorus,Stauracanthus genistoides (Brot.) Samp.,Stauracanthus genistoides,Ulex,Stauracanthus
447276,Ulex parviflorus var. willkommii (Webb) C.Vicioso,Ulex parviflorus subsp. parviflorus,Ulex parviflorus subsp. parviflorus,Ulex parviflorus subsp. parviflorus,Ulex parviflorus,Stauracanthus genistoides (Brot.) Samp.,Stauracanthus genistoides,Ulex,Stauracanthus
447279,Ulex scaber var. willkommii (Webb) Samp.,Ulex parviflorus subsp. parviflorus,Ulex parviflorus subsp. parviflorus,Ulex parviflorus subsp. parviflorus,Ulex parviflorus,Stauracanthus genistoides (Brot.) Samp.,Stauracanthus genistoides,Ulex,Stauracanthus
447282,Ulex willkommii Webb,Ulex parviflorus subsp. parviflorus,Ulex parviflorus subsp. parviflorus,Ulex parviflorus subsp. parviflorus,Ulex parviflorus,Stauracanthus genistoides (Brot.) Samp.,Stauracanthus genistoides,Ulex,Stauracanthus
451008,Hosackia alamosana Rose,Acmispon watsonii (Vasey & Rose) Brouillet,Acmispon watsonii (Vasey & Rose) Brouillet,Acmispon watsonii (Vasey & Rose) Brouillet,Acmispon watsonii,Hosackia alamosana Rose,Hosackia alamosana,Acmispon,Hosackia
456318,Moronobea grandiflora Choisy,Platonia insignis var. insignis,Platonia insignis var. insignis,Platonia insignis var. insignis,Platonia insignis,Moronobea coccinea Aubl.,Moronobea coccinea,Platonia,Moronobea
456322,Moronobea montana Schltdl.,Platonia insignis var. insignis,Platonia insignis var. insignis,Platonia insignis var. insignis,Platonia insignis,Moronobea coccinea Aubl.,Moronobea coccinea,Platonia,Moronobea
457369,Thaspium aureum var. involucratum J.M.Coult. & Rose,Thaspium trifoliatum var. trifoliatum,Thaspium trifoliatum var. trifoliatum,Thaspium trifoliatum var. trifoliatum,Thaspium trifoliatum,Angelica dawsonii S.Watson,Angelica dawsonii,Thaspium,Angelica
458196,Valeriana pygmaea Turcz.,Valeriana alypifolia subsp. alypifolia,Valeriana alypifolia subsp. alypifolia,Valeriana alypifolia subsp. alypifolia,Valeriana alypifolia,"Borealandea nubigena (Bonpl.) Al-Shehbaz, Salariato, A.Cano & Zuloaga",Borealandea nubigena,Valeriana,Borealandea
458515,Zygophyllum zonuzensis Sabeti,Zygophyllum atriplicoides subsp. atriplicoides,Zygophyllum atriplicoides subsp. atriplicoides,Zygophyllum atriplicoides subsp. atriplicoides,Zygophyllum atriplicoides,Rhinanthus major var. major,Rhinanthus major,Zygophyllum,Rhinanthus
461417,Rhamnus buxifolia Poir.,Rhamnus oleoides subsp. oleoides,Rhamnus oleoides subsp. oleoides,Rhamnus oleoides subsp. oleoides,Rhamnus oleoides,Flueggea tinctoria (L.) G.L.Webster,Flueggea tinctoria,Rhamnus,Flueggea
465500,Allionia craterimorpha Rusby,Allionia incarnata var. incarnata,Allionia incarnata var. incarnata,Allionia incarnata var. incarnata,Allionia incarnata,Mirabilis violacea (L.) Heimerl,Mirabilis violacea,Allionia,Mirabilis
467958,Ligusticum apiifolium Desf.,Carum appuanum subsp. appuanum,Carum appuanum subsp. appuanum,Carum appuanum subsp. appuanum,Carum appuanum,Cnidium silaifolium (Jacq.) Simonk.,Cnidium silaifolium,Carum,Cnidium
470763,Euphoria leichhardtii var. hebepetala Benth.,Dimocarpus longan subsp. longan,Dimocarpus longan subsp. longan,Dimocarpus longan subsp. longan,Dimocarpus longan,Arytera foveolata F.Muell.,Arytera foveolata,Dimocarpus,Arytera
470770,Arytera leichhardtii var. hebepetala (Benth.) Radlk.,Dimocarpus longan subsp. longan,Dimocarpus longan subsp. longan,Dimocarpus longan subsp. longan,Dimocarpus longan,Arytera foveolata F.Muell.,Arytera foveolata,Dimocarpus,Arytera
472619,Eurya latifolia variegata Veitch ex J.Dix,Eurya japonica var. japonica,Eurya japonica var. japonica,Eurya japonica var. japonica,Eurya japonica,Cleyera japonica var. japonica,Cleyera japonica,Eurya,Cleyera
472686,Bubon rigidius L.,Ferula communis subsp. communis,Ferula communis subsp. communis,Ferula communis subsp. communis,Ferula communis,Lophosciadium nodosum subsp. geniculatum (Guss.) Lyskov,Lophosciadium nodosum,Ferula,Lophosciadium
474275,Cistus punctatus Willd.,Helianthemum salicifolium var. salicifolium,Helianthemum salicifolium var. salicifolium,Helianthemum salicifolium var. salicifolium,Helianthemum salicifolium,Tuberaria guttata (L.) Fourr.,Tuberaria guttata,Helianthemum,Tuberaria
475116,Lepidium draba var. matritense (Pau) Thell.,Iberis carnosa subsp. carnosa,Iberis carnosa subsp. carnosa,Iberis carnosa subsp. carnosa,Iberis carnosa,Lepidium draba L.,Lepidium draba,Iberis,Lepidium
476410,Anthemis valentina L.,Porophyllum ruderale var. ruderale,Porophyllum ruderale var. ruderale,Porophyllum ruderale var. ruderale,Porophyllum ruderale,Anacyclus radiatus Loisel.,Anacyclus radiatus,Porophyllum,Anacyclus
485446,Diomma Engl. ex Harms,Spathelia L.,Spathelia L.,Spathelia L.,,Sohnreyia K.Krause,,Spathelia,Sohnreyia
485677,Hesperochloa (Piper) Rydb.,Festuca Tourn. ex L.,Festuca Tourn. ex L.,Festuca Tourn. ex L.,,Hesperochloa (Piper) Rydb.,,Festuca,Hesperochloa
486052,Libanotis Haller ex Zinn,Seseli L.,Seseli L.,Seseli L.,,Libanotis Haller ex Zinn,,Seseli,Libanotis
486309,Cebatha Forssk.,Cocculus DC.,Cocculus DC.,Cocculus DC.,,Cebatha Forssk.,,Cocculus,Cebatha
486370,Oreoxis Raf.,Cymopterus Raf.,Cymopterus Raf.,Cymopterus Raf.,,Oreoxis Raf.,,Cymopterus,Oreoxis
494092,Rhinerrhizopsis Ormerod,Bogoria J.J.Sm.,Bogoria J.J.Sm.,Bogoria J.J.Sm.,,Rhinerrhizopsis Ormerod,,Bogoria,Rhinerrhizopsis
494390,Forsteria Steud.,Breynia J.R.Forst. & G.Forst.,Breynia J.R.Forst. & G.Forst.,Breynia J.R.Forst. & G.Forst.,,Phyllanthus L.,,Breynia,Phyllanthus
494461,Heterocalymnantha Domin,Breynia J.R.Forst. & G.Forst.,Breynia J.R.Forst. & G.Forst.,Breynia J.R.Forst. & G.Forst.,,Phyllanthus L.,,Breynia,Phyllanthus
494462,Diplomorpha Griff.,Breynia J.R.Forst. & G.Forst.,Breynia J.R.Forst. & G.Forst.,Breynia J.R.Forst. & G.Forst.,,Phyllanthus L.,,Breynia,Phyllanthus
494464,Breyniopsis Beille,Breynia J.R.Forst. & G.Forst.,Breynia J.R.Forst. & G.Forst.,Breynia J.R.Forst. & G.Forst.,,Phyllanthus L.,,Breynia,Phyllanthus
494465,Foersteria Scop.,Breynia J.R.Forst. & G.Forst.,Breynia J.R.Forst. & G.Forst.,Breynia J.R.Forst. & G.Forst.,,Phyllanthus L.,,Breynia,Phyllanthus
494466,Ceratogynum Wight,Breynia J.R.Forst. & G.Forst.,Breynia J.R.Forst. & G.Forst.,Breynia J.R.Forst. & G.Forst.,,Phyllanthus L.,,Breynia,Phyllanthus
494467,Melanthesa Blume,Breynia J.R.Forst. & G.Forst.,Breynia J.R.Forst. & G.Forst.,Breynia J.R.Forst. & G.Forst.,,Phyllanthus L.,,Breynia,Phyllanthus
494468,Melanthesopsis Müll.Arg.,Breynia J.R.Forst. & G.Forst.,Breynia J.R.Forst. & G.Forst.,Breynia J.R.Forst. & G.Forst.,,Phyllanthus L.,,Breynia,Phyllanthus
494469,Sauropus Blume,Breynia J.R.Forst. & G.Forst.,Breynia J.R.Forst. & G.Forst.,Breynia J.R.Forst. & G.Forst.,,Phyllanthus L.,,Breynia,Phyllanthus
499945,Citharexylum flexuosum var. subglabrum Moldenke,Citharexylum flexuosum (Ruiz & Pav.) D.Don,Citharexylum flexuosum (Ruiz & Pav.) D.Don,Citharexylum flexuosum (Ruiz & Pav.) D.Don,Citharexylum flexuosum,Lycium americanum Jacq.,Lycium americanum,Citharexylum,Lycium
502581,Nertera dentata Elmer,Nertera granadensis var. granadensis,Nertera granadensis var. granadensis,Nertera granadensis var. granadensis,Nertera granadensis,Hemiphragma heterophyllum var. dentatum (Elmer) T.Yamaz.,Hemiphragma heterophyllum,Nertera,Hemiphragma
505097,Campecarpus H.Wendl. ex Becc.,Cyphophoenix H.Wendl. ex Hook.f.,Cyphophoenix H.Wendl. ex Hook.f.,Cyphophoenix H.Wendl. ex Hook.f.,,Campecarpus H.Wendl. ex Becc.,,Cyphophoenix,Campecarpus
505098,Veillonia H.E.Moore,Cyphophoenix H.Wendl. ex Hook.f.,Cyphophoenix H.Wendl. ex Hook.f.,Cyphophoenix H.Wendl. ex Hook.f.,,Veillonia H.E.Moore,,Cyphophoenix,Veillonia
511131,Katherinea perakensis (Hook.f.) A.D.Hawkes,Bulbophyllum gibbosum (Blume) Lindl.,Bulbophyllum gibbosum (Blume) Lindl.,Bulbophyllum gibbosum (Blume) Lindl.,Bulbophyllum gibbosum,Eria stellata Lindl.,Eria stellata,Bulbophyllum,Eria
511133,Octomeria vaginata Breda,Bulbophyllum gibbosum (Blume) Lindl.,Bulbophyllum gibbosum (Blume) Lindl.,Bulbophyllum gibbosum (Blume) Lindl.,Bulbophyllum gibbosum,Eria stellata Lindl.,Eria stellata,Bulbophyllum,Eria
511134,Dendrobium perakense Hook.f.,Bulbophyllum gibbosum (Blume) Lindl.,Bulbophyllum gibbosum (Blume) Lindl.,Bulbophyllum gibbosum (Blume) Lindl.,Bulbophyllum gibbosum,Eria stellata Lindl.,Eria stellata,Bulbophyllum,Eria
511135,Sarcopodium perakense (Hook.f.) Kraenzl.,Bulbophyllum gibbosum (Blume) Lindl.,Bulbophyllum gibbosum (Blume) Lindl.,Bulbophyllum gibbosum (Blume) Lindl.,Bulbophyllum gibbosum,Eria stellata Lindl.,Eria stellata,Bulbophyllum,Eria
511136,Eria micholitzii Kraenzl.,Bulbophyllum gibbosum (Blume) Lindl.,Bulbophyllum gibbosum (Blume) Lindl.,Bulbophyllum gibbosum (Blume) Lindl.,Bulbophyllum gibbosum,Eria stellata Lindl.,Eria stellata,Bulbophyllum,Eria
511137,Callista perakensis (Hook.f.) Kuntze,Bulbophyllum gibbosum (Blume) Lindl.,Bulbophyllum gibbosum (Blume) Lindl.,Bulbophyllum gibbosum (Blume) Lindl.,Bulbophyllum gibbosum,Eria stellata Lindl.,Eria stellata,Bulbophyllum,Eria
511138,Dendrolirium rugosum Blume,Bulbophyllum gibbosum (Blume) Lindl.,Bulbophyllum gibbosum (Blume) Lindl.,Bulbophyllum gibbosum (Blume) Lindl.,Bulbophyllum gibbosum,Eria stellata Lindl.,Eria stellata,Bulbophyllum,Eria
511139,Eria inamoena Schltr.,Bulbophyllum gibbosum (Blume) Lindl.,Bulbophyllum gibbosum (Blume) Lindl.,Bulbophyllum gibbosum (Blume) Lindl.,Bulbophyllum gibbosum,Eria stellata Lindl.,Eria stellata,Bulbophyllum,Eria
511140,Eria fragrans Rchb.f.,Bulbophyllum gibbosum (Blume) Lindl.,Bulbophyllum gibbosum (Blume) Lindl.,Bulbophyllum gibbosum (Blume) Lindl.,Bulbophyllum gibbosum,Eria stellata Lindl.,Eria stellata,Bulbophyllum,Eria
511141,Eria striolata Rchb.f.,Bulbophyllum gibbosum (Blume) Lindl.,Bulbophyllum gibbosum (Blume) Lindl.,Bulbophyllum gibbosum (Blume) Lindl.,Bulbophyllum gibbosum,Eria stellata Lindl.,Eria stellata,Bulbophyllum,Eria
511142,Eria stellata Lindl.,Bulbophyllum gibbosum (Blume) Lindl.,Bulbophyllum gibbosum (Blume) Lindl.,Bulbophyllum gibbosum (Blume) Lindl.,Bulbophyllum gibbosum,Eria stellata Lindl.,Eria stellata,Bulbophyllum,Eria
511143,Eria papuana Kraenzl.,Bulbophyllum gibbosum (Blume) Lindl.,Bulbophyllum gibbosum (Blume) Lindl.,Bulbophyllum gibbosum (Blume) Lindl.,Bulbophyllum gibbosum,Eria stellata Lindl.,Eria stellata,Bulbophyllum,Eria
511144,Eria pseudostellata Schltr.,Bulbophyllum gibbosum (Blume) Lindl.,Bulbophyllum gibbosum (Blume) Lindl.,Bulbophyllum gibbosum (Blume) Lindl.,Bulbophyllum gibbosum,Eria stellata Lindl.,Eria stellata,Bulbophyllum,Eria
511145,"Eria vaginata (Breda, Kuhl & Hasselt) Benth.",Bulbophyllum gibbosum (Blume) Lindl.,Bulbophyllum gibbosum (Blume) Lindl.,Bulbophyllum gibbosum (Blume) Lindl.,Bulbophyllum gibbosum,Eria stellata Lindl.,Eria stellata,Bulbophyllum,Eria
511146,Eria cochleata Lindl.,Bulbophyllum gibbosum (Blume) Lindl.,Bulbophyllum gibbosum (Blume) Lindl.,Bulbophyllum gibbosum (Blume) Lindl.,Bulbophyllum gibbosum,Eria cochleata Lindl.,Eria cochleata,Bulbophyllum,Eria
517768,Agyneia L.,Glochidion J.R.Forst. & G.Forst.,Glochidion J.R.Forst. & G.Forst.,Glochidion J.R.Forst. & G.Forst.,,Phyllanthus L.,,Glochidion,Phyllanthus
517769,Zarcoa Llanos,Glochidion J.R.Forst. & G.Forst.,Glochidion J.R.Forst. & G.Forst.,Glochidion J.R.Forst. & G.Forst.,,Phyllanthus L.,,Glochidion,Phyllanthus
517771,Glochidionopsis Blume,Glochidion J.R.Forst. & G.Forst.,Glochidion J.R.Forst. & G.Forst.,Glochidion J.R.Forst. & G.Forst.,,Phyllanthus L.,,Glochidion,Phyllanthus
517772,Bradleia Banks ex Gaertn.,Glochidion J.R.Forst. & G.Forst.,Glochidion J.R.Forst. & G.Forst.,Glochidion J.R.Forst. & G.Forst.,,Phyllanthus L.,,Glochidion,Phyllanthus
517773,Glochisandra Wight,Glochidion J.R.Forst. & G.Forst.,Glochidion J.R.Forst. & G.Forst.,Glochidion J.R.Forst. & G.Forst.,,Phyllanthus L.,,Glochidion,Phyllanthus
517774,Coccoglochidion K.Schum.,Glochidion J.R.Forst. & G.Forst.,Glochidion J.R.Forst. & G.Forst.,Glochidion J.R.Forst. & G.Forst.,,Phyllanthus L.,,Glochidion,Phyllanthus
517775,Gynoon A.Juss.,Glochidion J.R.Forst. & G.Forst.,Glochidion J.R.Forst. & G.Forst.,Glochidion J.R.Forst. & G.Forst.,,Phyllanthus L.,,Glochidion,Phyllanthus
517776,Episteira Raf.,Glochidion J.R.Forst. & G.Forst.,Glochidion J.R.Forst. & G.Forst.,Glochidion J.R.Forst. & G.Forst.,,Phyllanthus L.,,Glochidion,Phyllanthus
517777,Lobocarpus Wight & Arn.,Glochidion J.R.Forst. & G.Forst.,Glochidion J.R.Forst. & G.Forst.,Glochidion J.R.Forst. & G.Forst.,,Phyllanthus L.,,Glochidion,Phyllanthus
517778,Tetraglochidion K.Schum.,Glochidion J.R.Forst. & G.Forst.,Glochidion J.R.Forst. & G.Forst.,Glochidion J.R.Forst. & G.Forst.,,Phyllanthus L.,,Glochidion,Phyllanthus
518442,Gunnarella Senghas,Bogoria J.J.Sm.,Bogoria J.J.Sm.,Bogoria J.J.Sm.,,Gunnarella Senghas,,Bogoria,Gunnarella
518571,Gymnadenia odoratissima var. heteroglossa Rchb.f.,Gymnadenia odoratissima (L.) Rich.,Gymnadenia odoratissima (L.) Rich.,Gymnadenia odoratissima (L.) Rich.,Gymnadenia odoratissima,× Chamodenia heteroglossa (Rchb.f.) Peitz,× Chamodenia heteroglossa,Gymnadenia,× Chamodenia
522471,Oldenlandia pusilla Rottler,Kohautia attenuata (Willd.) I.M.Turner,Kohautia attenuata (Willd.) I.M.Turner,Kohautia attenuata (Willd.) I.M.Turner,Kohautia attenuata,Oldenlandia pusilla Rottler,Oldenlandia pusilla,Kohautia,Oldenlandia
522474,Hedyotis brachiata Wight,Kohautia attenuata (Willd.) I.M.Turner,Kohautia attenuata (Willd.) I.M.Turner,Kohautia attenuata (Willd.) I.M.Turner,Kohautia attenuata,Oldenlandia pusilla Rottler,Oldenlandia pusilla,Kohautia,Oldenlandia
523521,Leidesia capensis (L.f.) Müll.Arg.,Leidesia procumbens (L.) Prain,Leidesia procumbens (L.) Prain,Leidesia procumbens (L.) Prain,Leidesia procumbens,Didymodoxa capensis (L.f.) Friis & Wilmot-Dear,Didymodoxa capensis,Leidesia,Didymodoxa
523526,Mercurialis capensis (L.f.) Spreng. ex Sond.,Leidesia procumbens (L.) Prain,Leidesia procumbens (L.) Prain,Leidesia procumbens (L.) Prain,Leidesia procumbens,Didymodoxa capensis (L.f.) Friis & Wilmot-Dear,Didymodoxa capensis,Leidesia,Didymodoxa
523595,Hybochilus Schltr.,Leochilus Knowles & Westc.,Leochilus Knowles & Westc.,Leochilus Knowles & Westc.,,Trichocentrum Poepp. & Endl.,,Leochilus,Trichocentrum
524319,Andrachne cavaleriei H.Lév.,Leptopus chinensis (Bunge) Pojark.,Leptopus chinensis (Bunge) Pojark.,Leptopus chinensis (Bunge) Pojark.,Leptopus chinensis,Lysimachia capillipes var. cavaleriei (H.Lév.) Hand.-Mazz.,Lysimachia capillipes,Leptopus,Lysimachia
524324,Leptospermopsis S.Moore,Leptospermum J.R.Forst. & G.Forst.,Leptospermum J.R.Forst. & G.Forst.,Leptospermum J.R.Forst. & G.Forst.,,Leptospermopsis S.Moore,,Leptospermum,Leptospermopsis
527480,Abebaia Baehni,Manilkara Adans.,Manilkara Adans.,Manilkara Adans.,,Abebaia Baehni,,Manilkara,Abebaia
528247,Hylaeorchis Carnevali & G.A.Romero,Maxillaria Ruiz & Pav.,Maxillaria Ruiz & Pav.,Maxillaria Ruiz & Pav.,,Bifrenaria Lindl.,,Maxillaria,Bifrenaria
529931,Mentha perilloides L.,Mesosphaerum pectinatum (L.) Kuntze,Mesosphaerum pectinatum (L.) Kuntze,Mesosphaerum pectinatum (L.) Kuntze,Mesosphaerum pectinatum,Perilla frutescens (L.) Britton,Perilla frutescens,Mesosphaerum,Perilla
535526,Lucuma Molina,Pouteria Aubl.,Pouteria Aubl.,Pouteria Aubl.,,Lucuma Molina,,Pouteria,Lucuma
535549,Peteniodendron Lundell,Pouteria Aubl.,Pouteria Aubl.,Pouteria Aubl.,,Peteniodendron Lundell,,Pouteria,Peteniodendron
540808,Syzygiopsis Ducke,Pouteria Aubl.,Pouteria Aubl.,Pouteria Aubl.,,Micropholis (Griseb.) Pierre,,Pouteria,Micropholis
540814,Englerella Pierre,Pouteria Aubl.,Pouteria Aubl.,Pouteria Aubl.,,Englerella Pierre,,Pouteria,Englerella
540815,Labatia Sw.,Pouteria Aubl.,Pouteria Aubl.,Pouteria Aubl.,,Labatia Sw.,,Pouteria,Labatia
540818,Eglerodendron Aubrév. & Pellegr.,Pouteria Aubl.,Pouteria Aubl.,Pouteria Aubl.,,Labatia Sw.,,Pouteria,Labatia
540827,Radlkoferella Pierre,Pouteria Aubl.,Pouteria Aubl.,Pouteria Aubl.,,Lucuma Molina,,Pouteria,Lucuma
540828,Gayella Pierre,Pouteria Aubl.,Pouteria Aubl.,Pouteria Aubl.,,Gayella Pierre,,Pouteria,Gayella
540829,Richardella Pierre,Pouteria Aubl.,Pouteria Aubl.,Pouteria Aubl.,,Lucuma Molina,,Pouteria,Lucuma
540831,Pseudolabatia Aubrév. & Pellegr.,Pouteria Aubl.,Pouteria Aubl.,Pouteria Aubl.,,Labatia Sw.,,Pouteria,Labatia
540832,Neolabatia Aubrév.,Pouteria Aubl.,Pouteria Aubl.,Pouteria Aubl.,,Labatia Sw.,,Pouteria,Labatia
540833,Nemaluma Baill.,Pouteria Aubl.,Pouteria Aubl.,Pouteria Aubl.,,Nemaluma Baill.,,Pouteria,Nemaluma
541350,Rhodocalyx Müll.Arg.,Prestonia R.Br.,Prestonia R.Br.,Prestonia R.Br.,,Rhodocalyx Müll.Arg.,,Prestonia,Rhodocalyx
541497,× Promosepalum Anon.,× Propetalum Anon.,× Propetalum Anon.,× Propetalum Anon.,,× Promosepalum Anon.,,× Propetalum,× Promosepalum
542504,Psychotria nitidula Cham. & Schltdl.,Palicourea leiocarpa (Cham. & Schltdl.) Delprete,Palicourea leiocarpa (Cham. & Schltdl.) Delprete,Palicourea leiocarpa (Cham. & Schltdl.) Delprete,Palicourea leiocarpa,Psychotria nitidula Cham. & Schltdl.,Psychotria nitidula,Palicourea,Psychotria
545826,Cleisostoma ornithorrhynchum (Rchb.f.) Garay,Robiquetia rosea (Lindl.) Garay,Robiquetia rosea (Lindl.) Garay,Robiquetia rosea (Lindl.) Garay,Robiquetia rosea,Cleisostoma discolor Lindl.,Cleisostoma discolor,Robiquetia,Cleisostoma
545829,Sarcanthus ornithorrhynchus Rchb.f.,Robiquetia rosea (Lindl.) Garay,Robiquetia rosea (Lindl.) Garay,Robiquetia rosea (Lindl.) Garay,Robiquetia rosea,Cleisostoma discolor Lindl.,Cleisostoma discolor,Robiquetia,Cleisostoma
549510,Pleurothallis ezechiasi Hoehne,Specklinia grobyi (Bateman ex Lindl.) F.Barros,Specklinia grobyi (Bateman ex Lindl.) F.Barros,Specklinia grobyi (Bateman ex Lindl.) F.Barros,Specklinia grobyi,Pabstiella ezechiasi (Hoehne) Luer,Pabstiella ezechiasi,Specklinia,Pabstiella
549515,Specklinia ezechiasi (Hoehne) Luer,Specklinia grobyi (Bateman ex Lindl.) F.Barros,Specklinia grobyi (Bateman ex Lindl.) F.Barros,Specklinia grobyi (Bateman ex Lindl.) F.Barros,Specklinia grobyi,Pabstiella ezechiasi (Hoehne) Luer,Pabstiella ezechiasi,Specklinia,Pabstiella
549517,Pabstiella ezechiasi (Hoehne) Luer,Specklinia grobyi (Bateman ex Lindl.) F.Barros,Specklinia grobyi (Bateman ex Lindl.) F.Barros,Specklinia grobyi (Bateman ex Lindl.) F.Barros,Specklinia grobyi,Pabstiella ezechiasi (Hoehne) Luer,Pabstiella ezechiasi,Specklinia,Pabstiella
550949,Shuttleworthia Meisn.,Verbena L.,Verbena L.,Verbena L.,,Glandularia J.F.Gmel.,,Verbena,Glandularia
550987,Helleranthus Small,Verbena L.,Verbena L.,Verbena L.,,Glandularia J.F.Gmel.,,Verbena,Glandularia
551036,Verbenella Spach,Verbena L.,Verbena L.,Verbena L.,,Glandularia J.F.Gmel.,,Verbena,Glandularia
555158,Uwarowia Bunge,Verbena L.,Verbena L.,Verbena L.,,Glandularia J.F.Gmel.,,Verbena,Glandularia
555292,Billardiera Moench,Verbena L.,Verbena L.,Verbena L.,,Glandularia J.F.Gmel.,,Verbena,Glandularia
555559,Glandularia J.F.Gmel.,Verbena L.,Verbena L.,Verbena L.,,Glandularia J.F.Gmel.,,Verbena,Glandularia
556512,Elaeagia subspicata Standl.,Warszewiczia longistaminea K.Schum.,Warszewiczia longistaminea K.Schum.,Warszewiczia longistaminea K.Schum.,Warszewiczia longistaminea,Bathysa subspicata (Standl.) C.M.Taylor,Bathysa subspicata,Warszewiczia,Bathysa
559514,Tripogandra Raf.,Callisia Loefl.,Callisia Loefl.,Callisia Loefl.,,Tripogandra Raf.,,Callisia,Tripogandra
563297,Asterochaete Nees,Carpha Banks & Sol. ex R.Br.,Carpha Banks & Sol. ex R.Br.,Carpha Banks & Sol. ex R.Br.,,Asterochaete Nees,,Carpha,Asterochaete
563835,Acinax Raf.,Costus L.,Costus L.,Costus L.,,Amomum Roxb.,,Costus,Amomum
566989,Scirpus scheuchzeri Hartmann,Eriophorum scheuchzeri Hoppe,Eriophorum scheuchzeri Hoppe,Eriophorum scheuchzeri Hoppe,Eriophorum scheuchzeri,Eleocharis quinqueflora (Hartmann) O.Schwarz,Eleocharis quinqueflora,Eriophorum,Eleocharis
568163,Bakerantha L.B.Sm.,Hechtia Klotzsch,Hechtia Klotzsch,Hechtia Klotzsch,,Bakerantha L.B.Sm.,,Hechtia,Bakerantha
568165,Bakeria André,Hechtia Klotzsch,Hechtia Klotzsch,Hechtia Klotzsch,,Bakerantha L.B.Sm.,,Hechtia,Bakerantha
568166,Niveophyllum Matuda,Hechtia Klotzsch,Hechtia Klotzsch,Hechtia Klotzsch,,Bakerantha L.B.Sm.,,Hechtia,Bakerantha
573333,Paepalanthus vaginatus Körn.,Syngonanthus fischerianus (Bong.) Ruhland,Syngonanthus fischerianus (Bong.) Ruhland,Syngonanthus fischerianus (Bong.) Ruhland,Syngonanthus fischerianus,Paepalanthus vaginatus Körn.,Paepalanthus vaginatus,Syngonanthus,Paepalanthus
574582,Amomum latifolium Lam.,Zingiber zerumbet (L.) Roscoe ex Sm.,Zingiber zerumbet (L.) Roscoe ex Sm.,Zingiber zerumbet (L.) Roscoe ex Sm.,Zingiber zerumbet,Curcuma longa L.,Curcuma longa,Zingiber,Curcuma
579675,Pentlandia Herb.,Urceolina Rchb.,Urceolina Rchb.,Urceolina Rchb.,,Stenomesson Herb.,,Urceolina,Stenomesson
579896,Talbotiopsis L.B.Sm.,Xerophyta Juss.,Xerophyta Juss.,Xerophyta Juss.,,Talbotia Balf.,,Xerophyta,Talbotia
579897,Talbotia Balf.,Xerophyta Juss.,Xerophyta Juss.,Xerophyta Juss.,,Talbotia Balf.,,Xerophyta,Talbotia
580173,× Mangave D.Klein,Agave L.,Agave L.,Agave L.,,× Mangave D.Klein,,Agave,× Mangave
580204,Pothos Adans.,Agave L.,Agave L.,Agave L.,,Polianthes L.,,Agave,Polianthes
580280,Polianthes L.,Agave L.,Agave L.,Agave L.,,Polianthes L.,,Agave,Polianthes
580283,Zetocapnia Link & Otto,Agave L.,Agave L.,Agave L.,,Polianthes L.,,Agave,Polianthes
580285,Tuberosa Heist. ex Fabr.,Agave L.,Agave L.,Agave L.,,Polianthes L.,,Agave,Polianthes
580286,Prochnyanthes S.Watson,Agave L.,Agave L.,Agave L.,,Prochnyanthes S.Watson,,Agave,Prochnyanthes
580287,Allibertia Marion ex Baker,Agave L.,Agave L.,Agave L.,,Manfreda Salisb.,,Agave,Manfreda
580288,Pseudobravoa Rose,Agave L.,Agave L.,Agave L.,,Polianthes L.,,Agave,Polianthes
580289,Robynsia Drapiez,Agave L.,Agave L.,Agave L.,,Polianthes L.,,Agave,Polianthes
580290,× Bravanthes Cif. & Giacom.,Agave L.,Agave L.,Agave L.,,Polianthes L.,,Agave,Polianthes
580291,Runyonia Rose,Agave L.,Agave L.,Agave L.,,Manfreda Salisb.,,Agave,Manfreda
580292,Bravoa Lex.,Agave L.,Agave L.,Agave L.,,Polianthes L.,,Agave,Polianthes
580294,Leichtlinia H.Ross,Agave L.,Agave L.,Agave L.,,Manfreda Salisb.,,Agave,Manfreda
580295,× Polifreda W.Ritchie & J.T.Lindstr.,Agave L.,Agave L.,Agave L.,,× Polifreda W.Ritchie & J.T.Lindstr.,,Agave,× Polifreda
580296,Manfreda Salisb.,Agave L.,Agave L.,Agave L.,,Manfreda Salisb.,,Agave,Manfreda
580297,Coetocapnia Link & Otto,Agave L.,Agave L.,Agave L.,,Polianthes L.,,Agave,Polianthes
587404,Strailia T.Durand,Lecythis Loefl.,Lecythis Loefl.,Lecythis Loefl.,,Chytroma Miers,,Lecythis,Chytroma
587406,Holopyxidium Ducke,Lecythis Loefl.,Lecythis Loefl.,Lecythis Loefl.,,Chytroma Miers,,Lecythis,Chytroma
587407,Cercophora Miers,Lecythis Loefl.,Lecythis Loefl.,Lecythis Loefl.,,Chytroma Miers,,Lecythis,Chytroma
587409,Chytroma Miers,Lecythis Loefl.,Lecythis Loefl.,Lecythis Loefl.,,Chytroma Miers,,Lecythis,Chytroma
587410,Pachylecythis Ledoux,Lecythis Loefl.,Lecythis Loefl.,Lecythis Loefl.,,Pachylecythis Ledoux,,Lecythis,Pachylecythis
587411,Sapucaya R.Knuth,Lecythis Loefl.,Lecythis Loefl.,Lecythis Loefl.,,Chytroma Miers,,Lecythis,Chytroma
589588,Bignonia hirta Vell.,Fridericia mollis (Vahl) L.G.Lohmann,Fridericia mollis (Vahl) L.G.Lohmann,Fridericia mollis (Vahl) L.G.Lohmann,Fridericia mollis,Cuspidaria simplicifolia DC.,Cuspidaria simplicifolia,Fridericia,Cuspidaria
589906,Setilobus neves-armondii Bureau & K.Schum.,Cuspidaria simplicifolia DC.,Cuspidaria simplicifolia DC.,Cuspidaria simplicifolia DC.,Cuspidaria simplicifolia,Fridericia bracteata (Baill. ex Bureau & K.Schum.) J.N.C.Franc. & L.G.Lohmann,Fridericia bracteata,Cuspidaria,Fridericia
590262,Sympa riograndensis Ravenna,Herbertia lahue (Molina) Goldblatt,Herbertia lahue (Molina) Goldblatt,Herbertia lahue (Molina) Goldblatt,Herbertia lahue,Cypella brasiliensis (Baker) Roitman & J.A.Castillo,Cypella brasiliensis,Herbertia,Cypella
595845,Trimeris C.Presl,Lobelia Plum. ex L.,Lobelia Plum. ex L.,Lobelia Plum. ex L.,,Trimeris C.Presl,,Lobelia,Trimeris
603432,Chamaecyparis glauca Carrière,Platycladus orientalis (L.) Franco,Platycladus orientalis (L.) Franco,Platycladus orientalis (L.) Franco,Platycladus orientalis,Fitzroya cupressoides (Molina) I.M.Johnst.,Fitzroya cupressoides,Platycladus,Fitzroya
604897,Cupressus funebris var. gracilis Carrière,Platycladus orientalis (L.) Franco,Platycladus orientalis (L.) Franco,Platycladus orientalis (L.) Franco,Platycladus orientalis,Cupressus funebris Endl.,Cupressus funebris,Platycladus,Cupressus
604899,Cupressus funebris Endl.,Platycladus orientalis (L.) Franco,Platycladus orientalis (L.) Franco,Platycladus orientalis (L.) Franco,Platycladus orientalis,Cupressus funebris Endl.,Cupressus funebris,Platycladus,Cupressus
604900,Juniperus quaternata Miq.,Platycladus orientalis (L.) Franco,Platycladus orientalis (L.) Franco,Platycladus orientalis (L.) Franco,Platycladus orientalis,Cupressus funebris Endl.,Cupressus funebris,Platycladus,Cupressus
606294,Agrostis frondosa Ten. ex Spreng.,Agrostis castellana Boiss. & Reut.,Agrostis castellana Boiss. & Reut.,Agrostis castellana Boiss. & Reut.,Agrostis castellana,Polypogon viridis (Gouan) Breistr.,Polypogon viridis,Agrostis,Polypogon
606423,Agrostis filiculmis M.E.Jones,Agrostis exarata Trin.,Agrostis exarata Trin.,"Polypogon exaratus (Trin.) P.M.Peterson, Soreng & Romasch.",Polypogon exaratus,Agrostis idahoensis Nash,Agrostis idahoensis,Polypogon,Agrostis
613797,Poa delicatula Schrad.,Eragrostis tephrosanthos Schult.,Eragrostis tephrosanthos Schult.,Eragrostis tephrosanthos Schult.,Eragrostis tephrosanthos,Poa delicatula Schrad.,Poa delicatula,Eragrostis,Poa
618551,Stipa trochlearis Nees,Lorenzochloa mucronata (Griseb.) Romasch.,Lorenzochloa mucronata (Griseb.) Romasch.,Lorenzochloa mucronata (Griseb.) Romasch.,Lorenzochloa mucronata,Nassella mucronata (Kunth) R.W.Pohl,Nassella mucronata,Lorenzochloa,Nassella
618552,Stipa grisebachii E.Fourn.,Lorenzochloa mucronata (Griseb.) Romasch.,Lorenzochloa mucronata (Griseb.) Romasch.,Lorenzochloa mucronata (Griseb.) Romasch.,Lorenzochloa mucronata,Nassella mucronata (Kunth) R.W.Pohl,Nassella mucronata,Lorenzochloa,Nassella
618553,Stipa mucronata Kunth,Lorenzochloa mucronata (Griseb.) Romasch.,Lorenzochloa mucronata (Griseb.) Romasch.,Lorenzochloa mucronata (Griseb.) Romasch.,Lorenzochloa mucronata,Nassella mucronata (Kunth) R.W.Pohl,Nassella mucronata,Lorenzochloa,Nassella
618557,Stipa setigera J.Presl,Lorenzochloa mucronata (Griseb.) Romasch.,Lorenzochloa mucronata (Griseb.) Romasch.,Lorenzochloa mucronata (Griseb.) Romasch.,Lorenzochloa mucronata,Nassella mucronata (Kunth) R.W.Pohl,Nassella mucronata,Lorenzochloa,Nassella
618559,Stipa chapulcensis E.Fourn.,Lorenzochloa mucronata (Griseb.) Romasch.,Lorenzochloa mucronata (Griseb.) Romasch.,Lorenzochloa mucronata (Griseb.) Romasch.,Lorenzochloa mucronata,Nassella mucronata (Kunth) R.W.Pohl,Nassella mucronata,Lorenzochloa,Nassella
622019,Sucrea Soderstr.,Raddia Bertol.,Raddia Bertol.,Raddia Bertol.,,Sucrea Soderstr.,,Raddia,Sucrea
622084,Aegialina Schult.,Rostraria Trin.,Rostraria Trin.,Rostraria Trin.,,Aegialina Schult.,,Rostraria,Aegialina
622085,Ktenosachne Steud.,Rostraria Trin.,Rostraria Trin.,Rostraria Trin.,,Aegialina Schult.,,Rostraria,Aegialina
622086,Raimundochloa A.M.Molina,Rostraria Trin.,Rostraria Trin.,Rostraria Trin.,,Poa L.,,Rostraria,Poa
622088,Aegialitis Trin.,Rostraria Trin.,Rostraria Trin.,Rostraria Trin.,,Aegialina Schult.,,Rostraria,Aegialina
622091,Poarion Rchb.,Rostraria Trin.,Rostraria Trin.,Rostraria Trin.,,Aegialina Schult.,,Rostraria,Aegialina
622144,Ktenosachne tenerrima Steud.,Rostraria cristata (L.) Tzvelev,Rostraria cristata (L.) Tzvelev,Rostraria cristata (L.) Tzvelev,Rostraria cristata,Aegialina pubescens (Lam.) Quintanar & Barberá,Aegialina pubescens,Rostraria,Aegialina
622222,Coelorachis Brongn.,Rottboellia L.f.,Rottboellia L.f.,Rottboellia L.f.,,Eremochloa Buse,,Rottboellia,Eremochloa
626168,Leucopoa Griseb.,Festuca Tourn. ex L.,Festuca Tourn. ex L.,Festuca Tourn. ex L.,,Leucopoa Griseb.,,Festuca,Leucopoa
626262,Anatherum P.Beauv.,Andropogon L.,Andropogon L.,Andropogon L.,,Anatherum P.Beauv.,,Andropogon,Anatherum
626520,Argillochloa W.A.Weber,Festuca Tourn. ex L.,Festuca Tourn. ex L.,Festuca Tourn. ex L.,,Hesperochloa (Piper) Rydb.,,Festuca,Hesperochloa
626526,Wasatchia M.E.Jones,Festuca Tourn. ex L.,Festuca Tourn. ex L.,Festuca Tourn. ex L.,,Hesperochloa (Piper) Rydb.,,Festuca,Hesperochloa
626530,× Schedolium Holub,× Festulolium Asch. & Graebn.,× Festulolium Asch. & Graebn.,× Festulolium Asch. & Graebn.,,Lolium L.,,× Festulolium,Lolium
627568,Leochilus parviflorus Standl. & L.O.Williams,Trichocentrum candidum Lindl.,Trichocentrum candidum Lindl.,Trichocentrum candidum Lindl.,Trichocentrum candidum,Leochilus candelariae (Kraenzl.) Pupulin,Leochilus candelariae,Trichocentrum,Leochilus
634102,Avena alpina Honck.,Deschampsia cespitosa subsp. cespitosa,Deschampsia cespitosa subsp. cespitosa,Deschampsia cespitosa subsp. cespitosa,Deschampsia cespitosa,Helictochloa versicolor subsp. versicolor,Helictochloa versicolor,Deschampsia,Helictochloa
634467,Microlaena carsei Cheeseman,Ehrharta diplax var. diplax,Ehrharta diplax var. diplax,Ehrharta diplax var. diplax,Ehrharta diplax,Microlaena carsei Cheeseman,Microlaena carsei,Ehrharta,Microlaena
636733,Convolvulus benehoavensis Bolle,Convolvulus scoparius L.f.,Convolvulus scoparius L.f.,Convolvulus scoparius L.f.,Convolvulus scoparius,Genista benehoavensis (Bolle) del Arco,Genista benehoavensis,Convolvulus,Genista
640003,Odontostephana Alexander,Matelea Aubl.,Matelea Aubl.,Matelea Aubl.,,Odontostephana Alexander,,Matelea,Odontostephana
643785,Petopentia Bullock,Ischnolepis Jum. & H.Perrier,Ischnolepis Jum. & H.Perrier,Ischnolepis Jum. & H.Perrier,,Petopentia Bullock,,Ischnolepis,Petopentia
644023,Poicillopsis Schltr.,Matelea Aubl.,Matelea Aubl.,Matelea Aubl.,,Ptycanthera Decne.,,Matelea,Ptycanthera
644031,Urostephanus B.L.Rob. & Greenm.,Matelea Aubl.,Matelea Aubl.,Matelea Aubl.,,Urostephanus B.L.Rob. & Greenm.,,Matelea,Urostephanus
644032,Dictyanthus Decne.,Matelea Aubl.,Matelea Aubl.,Matelea Aubl.,,Dictyanthus Decne.,,Matelea,Dictyanthus
644034,Chthamalia Decne.,Matelea Aubl.,Matelea Aubl.,Matelea Aubl.,,Chthamalia Decne.,,Matelea,Chthamalia
644037,Trichosacme Zucc.,Matelea Aubl.,Matelea Aubl.,Matelea Aubl.,,Trichosacme Zucc.,,Matelea,Trichosacme
644968,Pentagonium Schauer,Philibertia Kunth,Philibertia Kunth,Philibertia Kunth,,Funastrum E.Fourn.,,Philibertia,Funastrum
657102,Geodorum citrinum Andrews,"Calanthe amboinensis (Blume) M.W.Chase, Christenh. & Schuit.","Calanthe amboinensis (Blume) M.W.Chase, Christenh. & Schuit.","Calanthe amboinensis (Blume) M.W.Chase, Christenh. & Schuit.",Calanthe amboinensis,Eulophia citrina (Andrews) Ormerod & Kurzweil,Eulophia citrina,Calanthe,Eulophia
659619,Systemonodaphne Mez,Kubitzkia van der Werff,Kubitzkia van der Werff,Kubitzkia van der Werff,,Phyllostemonodaphne Kosterm.,,Kubitzkia,Phyllostemonodaphne
659835,Acanthorhipsalis (K.Schum.) Britton & Rose,Lepismium Pfeiff.,Lepismium Pfeiff.,Lepismium Pfeiff.,,Pfeiffera Salm-Dyck,,Lepismium,Pfeiffera
659840,Leocereus Britton & Rose,Facheiroa Britton & Rose,Facheiroa Britton & Rose,Facheiroa Britton & Rose,,Leocereus Britton & Rose,,Facheiroa,Leocereus
659952,Lagenosocereus Doweld,Arrojadoa Britton & Rose,Arrojadoa Britton & Rose,Arrojadoa Britton & Rose,,Lagenosocereus Doweld,,Arrojadoa,Lagenosocereus
659986,Lobivia pentlandii var. forbesii (A.Dietr.) Y.Itô ex Backeb.,Echinopsis pentlandii (Hook.) Salm-Dyck ex A.Dietr.,Echinopsis pentlandii (Hook.) Salm-Dyck ex A.Dietr.,Echinopsis pentlandii (Hook.) Salm-Dyck ex A.Dietr.,Echinopsis pentlandii,Acanthocalycium rhodotrichum subsp. rhodotrichum,Acanthocalycium rhodotrichum,Echinopsis,Acanthocalycium
661978,Echiostachys Levyns,Lobostemon Lehm.,Lobostemon Lehm.,Lobostemon Lehm.,,Echiostachys Levyns,,Lobostemon,Echiostachys
664571,Sassafras officinale Siebold,Lindera triloba (Siebold & Zucc.) Blume,Lindera triloba (Siebold & Zucc.) Blume,Lindera triloba (Siebold & Zucc.) Blume,Lindera triloba,Sassafras albidum (Nutt.) Nees,Sassafras albidum,Lindera,Sassafras
666840,Tephrocactus chilensis Backeb.,Maihueniopsis glomerata (Haw.) R.Kiesling,Maihueniopsis glomerata (Haw.) R.Kiesling,Maihueniopsis glomerata (Haw.) R.Kiesling,Maihueniopsis glomerata,Airampoa ayrampo (Haenke) Doweld,Airampoa ayrampo,Maihueniopsis,Airampoa
666849,Opuntia chilensis (Backeb.) G.D.Rowley,Maihueniopsis glomerata (Haw.) R.Kiesling,Maihueniopsis glomerata (Haw.) R.Kiesling,Maihueniopsis glomerata (Haw.) R.Kiesling,Maihueniopsis glomerata,Airampoa ayrampo (Haenke) Doweld,Airampoa ayrampo,Maihueniopsis,Airampoa
666851,Tephrocactus atacamensis var. chilensis (Backeb.) Backeb.,Maihueniopsis glomerata (Haw.) R.Kiesling,Maihueniopsis glomerata (Haw.) R.Kiesling,Maihueniopsis glomerata (Haw.) R.Kiesling,Maihueniopsis glomerata,Airampoa ayrampo (Haenke) Doweld,Airampoa ayrampo,Maihueniopsis,Airampoa
667743,Antimima intervallaris (L.Bolus) H.E.K.Hartmann,Mossia intervallaris (L.Bolus) N.E.Br.,Mossia intervallaris (L.Bolus) N.E.Br.,Mossia intervallaris (L.Bolus) N.E.Br.,Mossia intervallaris,Antimima intervallaris (L.Bolus) H.E.K.Hartmann,Antimima intervallaris,Mossia,Antimima
667745,Ruschia intervallaris L.Bolus,Mossia intervallaris (L.Bolus) N.E.Br.,Mossia intervallaris (L.Bolus) N.E.Br.,Mossia intervallaris (L.Bolus) N.E.Br.,Mossia intervallaris,Antimima intervallaris (L.Bolus) H.E.K.Hartmann,Antimima intervallaris,Mossia,Antimima
668082,Phaseolus diversifolius Pittier,Macroptilium longepedunculatum (Mart. ex Benth.) Urb.,Macroptilium longepedunculatum (Mart. ex Benth.) Urb.,Macroptilium longepedunculatum (Mart. ex Benth.) Urb.,Macroptilium longepedunculatum,Vigna lasiocarpa (Mart. ex Benth.) Verdc.,Vigna lasiocarpa,Macroptilium,Vigna
669920,× Eucodonopsis picturata (Planch.) H.E.Moore,× Achimenantha roezlii (Planch.) Z.J.Huang & Z.H.Feng,× Achimenantha roezlii (Planch.) Z.J.Huang & Z.H.Feng,× Achimenantha roezlii (Planch.) Z.J.Huang & Z.H.Feng,× Achimenantha roezlii,× Smidirola picturata (Planch.) Z.J.Huang & Z.H.Feng,× Smidirola picturata,× Achimenantha,× Smidirola
675121,Onosma incanescens DC.,Onosma rostellata Lehm.,Onosma rostellata Lehm.,Onosma rostellata Lehm.,Onosma rostellata,Maharanga incanescens (DC.) L.Cecchi & Hilger,Maharanga incanescens,Onosma,Maharanga
677557,Cercanthemum Tiegh.,Ouratea Aubl.,Ouratea Aubl.,Ouratea Aubl.,,Philomeda Noronha ex Thouars,,Ouratea,Philomeda
677561,Cercinia Tiegh.,Ouratea Aubl.,Ouratea Aubl.,Ouratea Aubl.,,Philomeda Noronha ex Thouars,,Ouratea,Philomeda
680537,Camelinopsis A.G.Mill.,Pseudocamelina (Boiss.) N.Busch,Pseudocamelina (Boiss.) N.Busch,Pseudocamelina (Boiss.) N.Busch,,Camelinopsis A.G.Mill.,,Pseudocamelina,Camelinopsis
681078,Kimnachia S.Arias & N.Korotkova,Pseudorhipsalis Britton & Rose,Pseudorhipsalis Britton & Rose,Pseudorhipsalis Britton & Rose,,Kimnachia S.Arias & N.Korotkova,,Pseudorhipsalis,Kimnachia
683375,Pseuderanthemum lindavianum De Wild. & T.Durand,Rhinacanthus virens (Nees) Milne-Redh.,Rhinacanthus virens (Nees) Milne-Redh.,Cryptacanthus virens (Nees) I.Darbysh. & Kiel,Cryptacanthus virens,Pseuderanthemum lindavianum De Wild. & T.Durand,Pseuderanthemum lindavianum,Cryptacanthus,Pseuderanthemum
684687,Oerstedina Wiehler,Rufodorsia Wiehler,Rufodorsia Wiehler,Rufodorsia Wiehler,,Oerstedina Wiehler,,Rufodorsia,Oerstedina
685954,Fourraea Greuter & Burdet,Turritis Tourn. ex L.,Turritis Tourn. ex L.,Turritis Tourn. ex L.,,Fourraea Greuter & Burdet,,Turritis,Fourraea
686718,Laserpitium loscosii (Lange) Calest.,Thapsia asclepium L.,Thapsia asclepium L.,Elaeoselinum asclepium (L.) Bertol.,Elaeoselinum asclepium,Ferula loscosii (Lange) Willk.,Ferula loscosii,Elaeoselinum,Ferula
686723,Elaeoselinum loscosii Lange,Thapsia asclepium L.,Thapsia asclepium L.,Elaeoselinum asclepium (L.) Bertol.,Elaeoselinum asclepium,Ferula loscosii (Lange) Willk.,Ferula loscosii,Elaeoselinum,Ferula
687063,Anisostigma Schinz,Tetragonia L.,Tetragonia L.,Tetragonia L.,,Anisostigma Schinz,,Tetragonia,Anisostigma
688982,Dennettia Baker f.,Uvariopsis Engl.,Uvariopsis Engl.,Uvariopsis Engl.,,Dennettia Baker f.,,Uvariopsis,Dennettia
690475,Torenia edentula Griff.,Vandellia montana (Blume) Benth.,Vandellia montana (Blume) Benth.,Yamazakia montana (Blume) A.Pal & M.Chowdhury,Yamazakia montana,Torenia violacea (Azaola) Pennell,Torenia violacea,Yamazakia,Torenia
690692,Vatricania Backeb.,Cleistocactus Lem.,Cleistocactus Lem.,Cleistocactus Lem.,,Vatricania Backeb.,,Cleistocactus,Vatricania
694397,Mellissia Hook.f.,Withania Pauquy,Withania Pauquy,Withania Pauquy,,Mellissia Hook.f.,,Withania,Mellissia
694473,Stenodraba O.E.Schulz,Weberbauera Gilg & Muschl.,Weberbauera Gilg & Muschl.,Weberbauera Gilg & Muschl.,,Stenodraba O.E.Schulz,,Weberbauera,Stenodraba
696396,Streptanthella Rydb.,Streptanthus Nutt.,Streptanthus Nutt.,Streptanthus Nutt.,,Streptanthella Rydb.,,Streptanthus,Streptanthella
697387,Stenandriopsis S.Moore,Stenandrium Nees,Stenandrium Nees,Stenandrium Nees,,Stenandriopsis S.Moore,,Stenandrium,Stenandriopsis
699682,Heliosperma carpaticum (Zapał.) Klokov,Silene behen L.,Silene behen L.,Silene behen L.,Silene behen,Heliosperma pusillum (Waldst. & Kit.) Rchb.,Heliosperma pusillum,Silene,Heliosperma
699683,Ixoca carpatica (Zapał.) Ikonn.,Silene behen L.,Silene behen L.,Silene behen L.,Silene behen,Heliosperma pusillum (Waldst. & Kit.) Rchb.,Heliosperma pusillum,Silene,Heliosperma
699948,Utahia Britton & Rose,Sclerocactus Britton & Rose,Sclerocactus Britton & Rose,Sclerocactus Britton & Rose,,Pediocactus Britton & Rose,,Sclerocactus,Pediocactus
701065,Sempervivella Stapf,Sempervivum L.,Sempervivum L.,Sempervivum L.,,Sedum L.,,Sempervivum,Sedum
701736,Cathartocarpus Pers.,Senna Mill.,Senna Mill.,Senna Mill.,,Cassia L.,,Senna,Cassia
707011,Ectozoma Miers,Markea Rich.,Markea Rich.,Markea Rich.,,Ectozoma Miers,,Markea,Ectozoma
708348,Lasianthemum Klotzsch,Talisia Aubl.,Talisia Aubl.,Talisia Aubl.,,Matayba Aubl.,,Talisia,Matayba
710121,Vandellia diffusa Blanco,Torenia thouarsii (Cham. & Schltdl.) Kuntze,Torenia thouarsii (Cham. & Schltdl.) Kuntze,Torenia thouarsii (Cham. & Schltdl.) Kuntze,Torenia thouarsii,"Yamazakia pusilla (Willd.) W.R.Barker, Y.S.Liang & Wannan",Yamazakia pusilla,Torenia,Yamazakia
713131,Cinnamomum tomentosum D.Don,Phoebe cathia (D.Don) Kosterm.,Phoebe cathia (D.Don) Kosterm.,Phoebe cathia (D.Don) Kosterm.,Phoebe cathia,Machilus tomentosus (D.Don) M.Gangop.,Machilus tomentosus,Phoebe,Machilus
714112,Pterocarpus cultratus Vell.,Pterocarpus rohrii Vahl,Pterocarpus rohrii Vahl,Pterocarpus rohrii Vahl,Pterocarpus rohrii,Lonchocarpus cultratus (Vell.) A.M.G.Azevedo & H.C.Lima,Lonchocarpus cultratus,Pterocarpus,Lonchocarpus
714335,Strombocarpa odorata (Torr. & Frém.) A.Gray,Strombocarpa pubescens (Benth.) A.Gray,Strombocarpa pubescens (Benth.) A.Gray,Strombocarpa pubescens (Benth.) A.Gray,Strombocarpa pubescens,Neltuma odorata (Torr. & Frém.) C.E.Hughes & G.P.Lewis,Neltuma odorata,Strombocarpa,Neltuma
714338,Prosopis odorata Torr. & Frém.,Strombocarpa pubescens (Benth.) A.Gray,Strombocarpa pubescens (Benth.) A.Gray,Strombocarpa pubescens (Benth.) A.Gray,Strombocarpa pubescens,Neltuma odorata (Torr. & Frém.) C.E.Hughes & G.P.Lewis,Neltuma odorata,Strombocarpa,Neltuma
716322,Paullinia mexiae Steyerm.,Paullinia pterocarpa Triana & Planch.,Paullinia pterocarpa Triana & Planch.,Paullinia pterocarpa Triana & Planch.,Paullinia pterocarpa,Serjania caracasana (Jacq.) Willd.,Serjania caracasana,Paullinia,Serjania
716930,Afrohybanthus Flicker,Pigea Ging.,Pigea Ging.,Pigea Ging.,,Afrohybanthus Flicker,,Pigea,Afrohybanthus
718430,Physalis kansuensis Pojark.,Physalis halicacabum Crantz,Physalis halicacabum Crantz,Physalis halicacabum Crantz,Physalis halicacabum,Alkekengi officinarum var. franchetii (Mast.) R.J.Wang,Alkekengi officinarum,Physalis,Alkekengi
719201,Grajalesia Miranda,Pisonia Plum. ex L.,Pisonia Plum. ex L.,Pisonia Plum. ex L.,,Grajalesia Miranda,,Pisonia,Grajalesia
727502,Quassia officinalis Rich.,Simarouba amara Aubl.,Simarouba amara Aubl.,Simarouba amara Aubl.,Simarouba amara,Quassia amara L.,Quassia amara,Simarouba,Quassia
728497,Hieronymusia Engl.,Suksdorfia A.Gray,Suksdorfia A.Gray,Suksdorfia A.Gray,,Hieronymusia Engl.,,Suksdorfia,Hieronymusia
729303,Chodaphyton Minod,Stemodia L.,Stemodia L.,Stemodia L.,,Chodaphyton Minod,,Stemodia,Chodaphyton
730164,Dircaea picta (Hook.) Lem.,Sinningia douglasii (Lindl.) Chautems,Sinningia douglasii (Lindl.) Chautems,Sinningia douglasii (Lindl.) Chautems,Sinningia douglasii,Kohleria tubiflora (Cav.) Hanst.,Kohleria tubiflora,Sinningia,Kohleria
730854,Acacia virchowiana Vatke & Hildebrandt,Senegalia senegal (L.) Britton,Senegalia senegal (L.) Britton,Senegalia senegal (L.) Britton,Senegalia senegal,Vachellia oerfota var. oerfota,Vachellia oerfota,Senegalia,Vachellia
731521,Pentacme A.DC.,Shorea Roxb. ex C.F.Gaertn.,Shorea Roxb. ex C.F.Gaertn.,Shorea Roxb. ex C.F.Gaertn.,,Pentacme A.DC.,,Shorea,Pentacme
731666,Trochocephalus superbus (Grüning) Á.Löve & D.Löve,"Lomelosia comosa (Fisch. ex Roem. & Schult.) J.H.Xue, Chepinoga & K.P.Ma","Lomelosia comosa (Fisch. ex Roem. & Schult.) J.H.Xue, Chepinoga & K.P.Ma","Lomelosia comosa (Fisch. ex Roem. & Schult.) J.H.Xue, Chepinoga & K.P.Ma",Lomelosia comosa,Scabiosa tschiliensis Grüning,Scabiosa tschiliensis,Lomelosia,Scabiosa
731668,Scabiosa superba Grüning,"Lomelosia comosa (Fisch. ex Roem. & Schult.) J.H.Xue, Chepinoga & K.P.Ma","Lomelosia comosa (Fisch. ex Roem. & Schult.) J.H.Xue, Chepinoga & K.P.Ma","Lomelosia comosa (Fisch. ex Roem. & Schult.) J.H.Xue, Chepinoga & K.P.Ma",Lomelosia comosa,Scabiosa tschiliensis Grüning,Scabiosa tschiliensis,Lomelosia,Scabiosa
731670,Scabiosa tschiliensis f. albiflora S.H.Li & S.Z.Liu,"Lomelosia comosa (Fisch. ex Roem. & Schult.) J.H.Xue, Chepinoga & K.P.Ma","Lomelosia comosa (Fisch. ex Roem. & Schult.) J.H.Xue, Chepinoga & K.P.Ma","Lomelosia comosa (Fisch. ex Roem. & Schult.) J.H.Xue, Chepinoga & K.P.Ma",Lomelosia comosa,Scabiosa tschiliensis Grüning,Scabiosa tschiliensis,Lomelosia,Scabiosa
731671,Scabiosa tschiliensis Grüning,"Lomelosia comosa (Fisch. ex Roem. & Schult.) J.H.Xue, Chepinoga & K.P.Ma","Lomelosia comosa (Fisch. ex Roem. & Schult.) J.H.Xue, Chepinoga & K.P.Ma","Lomelosia comosa (Fisch. ex Roem. & Schult.) J.H.Xue, Chepinoga & K.P.Ma",Lomelosia comosa,Scabiosa tschiliensis Grüning,Scabiosa tschiliensis,Lomelosia,Scabiosa
731672,Scabiosa tschiliensis var. superba (Grüning) S.Y.He,"Lomelosia comosa (Fisch. ex Roem. & Schult.) J.H.Xue, Chepinoga & K.P.Ma","Lomelosia comosa (Fisch. ex Roem. & Schult.) J.H.Xue, Chepinoga & K.P.Ma","Lomelosia comosa (Fisch. ex Roem. & Schult.) J.H.Xue, Chepinoga & K.P.Ma",Lomelosia comosa,Scabiosa tschiliensis Grüning,Scabiosa tschiliensis,Lomelosia,Scabiosa
731694,Saul Roxb. ex Wight & Arn.,Shorea Roxb. ex C.F.Gaertn.,Shorea Roxb. ex C.F.Gaertn.,Shorea Roxb. ex C.F.Gaertn.,,Anthoshorea Pierre,,Shorea,Anthoshorea
731695,Doona Thwaites,Shorea Roxb. ex C.F.Gaertn.,Shorea Roxb. ex C.F.Gaertn.,Shorea Roxb. ex C.F.Gaertn.,,Doona Thwaites,,Shorea,Doona
731698,Richetia F.Heim,Shorea Roxb. ex C.F.Gaertn.,Shorea Roxb. ex C.F.Gaertn.,Shorea Roxb. ex C.F.Gaertn.,,Richetia F.Heim,,Shorea,Richetia
731700,Anthoshorea Pierre,Shorea Roxb. ex C.F.Gaertn.,Shorea Roxb. ex C.F.Gaertn.,Shorea Roxb. ex C.F.Gaertn.,,Anthoshorea Pierre,,Shorea,Anthoshorea
731771,Asterocephalus tomentosus Spreng.,Succisa pratensis Moench,Succisa pratensis Moench,Succisa pratensis Moench,Succisa pratensis,Scabiosa turolensis subsp. turolensis,Scabiosa turolensis,Succisa,Scabiosa
733139,Securidaca flexuosa Turcz.,Securidaca lanceolata A.St.-Hil. & Moq.,Securidaca lanceolata A.St.-Hil. & Moq.,Securidaca lanceolata A.St.-Hil. & Moq.,Securidaca lanceolata,Bredemeyera laurifolia (A.St.-Hil. & Moq.) Klotzsch ex A.W.Benn.,Bredemeyera laurifolia,Securidaca,Bredemeyera
739595,Adenandra ovata (Thunb.) Link,Adenandra villosa subsp. sonderi (Dümmer) Strid,Adenandra villosa subsp. sonderi (Dümmer) Strid,Adenandra villosa subsp. sonderi (Dümmer) Strid,Adenandra villosa,Agathosma ovata (Thunb.) F.Dietr.,Agathosma ovata,Adenandra,Agathosma
741855,Mimosa terminalis Vell.,Pseudalbizzia polycephala (Benth.) E.J.M.Koenen & Duno,Pseudalbizzia polycephala (Benth.) E.J.M.Koenen & Duno,Pseudalbizzia polycephala (Benth.) E.J.M.Koenen & Duno,Pseudalbizzia polycephala,"Hydrochorea pedicellaris (DC.) M.V.B.Soares, Iganci & M.P.Morim",Hydrochorea pedicellaris,Pseudalbizzia,Hydrochorea
742459,Cobananthus Wiehler,Alloplectus Mart.,Alloplectus Mart.,Alloplectus Mart.,,Cobananthus Wiehler,,Alloplectus,Cobananthus
742983,Alyssum arenarium C.Presl,Alyssum gmelinii Jord.,Alyssum gmelinii Jord.,Alyssum gmelinii Jord.,Alyssum gmelinii,Lobularia maritima subsp. maritima,Lobularia maritima,Alyssum,Lobularia
742985,Alyssum alpinum Scop.,Alyssum gmelinii Jord.,Alyssum gmelinii Jord.,Alyssum gmelinii Jord.,Alyssum gmelinii,Kernera saxatilis (L.) Sweet,Kernera saxatilis,Alyssum,Kernera
743251,Popowia gerrardi var. microsperma Ghesq. ex Cavaco & Keraudren,Ambavia gerrardi (Baill.) Le Thomas,Ambavia gerrardi (Baill.) Le Thomas,Ambavia gerrardi (Baill.) Le Thomas,Ambavia gerrardi,Sphaerocoryne microsperma (Ghesq. ex Cavaco & Keraudren) Couvreur,Sphaerocoryne microsperma,Ambavia,Sphaerocoryne
743371,Nothocissus (Miq.) Latiff,Ampelocissus Planch.,Ampelocissus Planch.,Ampelocissus Planch.,,Nothocissus (Miq.) Latiff,,Ampelocissus,Nothocissus
743486,Ruschia promontorii L.Bolus,Amphibolia laevis (Aiton) H.E.K.Hartmann,Amphibolia laevis (Aiton) H.E.K.Hartmann,Amphibolia laevis (Aiton) H.E.K.Hartmann,Amphibolia laevis,Ruschia promontorii L.Bolus,Ruschia promontorii,Amphibolia,Ruschia
743490,Mesembryanthemum pansifolium N.E.Br.,Amphibolia laevis (Aiton) H.E.K.Hartmann,Amphibolia laevis (Aiton) H.E.K.Hartmann,Amphibolia laevis (Aiton) H.E.K.Hartmann,Amphibolia laevis,Ruschia promontorii L.Bolus,Ruschia promontorii,Amphibolia,Ruschia
744969,Aniba ovalifolia Mez,Aniba hypoglauca Sandwith,Aniba hypoglauca Sandwith,Aniba hypoglauca Sandwith,Aniba hypoglauca,Ocotea cujumary Mart.,Ocotea cujumary,Aniba,Ocotea
746410,Lemphoria O.E.Schulz,Arabidella (F.Muell.) O.E.Schulz,Arabidella (F.Muell.) O.E.Schulz,Arabidella (F.Muell.) O.E.Schulz,,Lemphoria O.E.Schulz,,Arabidella,Lemphoria
746480,Parryodes Jafri,Arabis L.,Arabis L.,Arabis L.,,Parryodes Jafri,,Arabis,Parryodes
748721,Pierrebraunia Esteves,Arrojadoa Britton & Rose,Arrojadoa Britton & Rose,Arrojadoa Britton & Rose,,Pierrebraunia Esteves,,Arrojadoa,Pierrebraunia
748723,Stephanocereus A.Berger,Arrojadoa Britton & Rose,Arrojadoa Britton & Rose,Arrojadoa Britton & Rose,,Stephanocereus A.Berger,,Arrojadoa,Stephanocereus
754681,Columnea divaricata (Poepp.) Walp.,Bellonia aspera L.,Bellonia aspera L.,Bellonia aspera L.,Bellonia aspera,Besleria divaricata Poepp.,Besleria divaricata,Bellonia,Besleria
755392,Cactus emoryi (Engelm.) Lem.,Bergerocactus emoryi (Engelm.) Britton & Rose,Bergerocactus emoryi (Engelm.) Britton & Rose,Bergerocactus emoryi (Engelm.) Britton & Rose,Bergerocactus emoryi,Grusonia emoryi (Engelm.) Pinkava,Grusonia emoryi,Bergerocactus,Grusonia
757100,Derris robusta var. assamica Thoth.,Brachypterum robustum (Roxb. ex DC.) Dalzell & A.Gibson,Brachypterum robustum (Roxb. ex DC.) Dalzell & A.Gibson,Brachypterum robustum (Roxb. ex DC.) Dalzell & A.Gibson,Brachypterum robustum,Robinia pseudoacacia L.,Robinia pseudoacacia,Brachypterum,Robinia
757211,Agrosinapis Fourr.,Brassica L.,Brassica L.,Brassica L.,,Mutarda Bernh.,,Brassica,Mutarda
757212,Mutarda Bernh.,Brassica L.,Brassica L.,Brassica L.,,Mutarda Bernh.,,Brassica,Mutarda
757218,Melanosinapis K.F.Schimp. & Spenn.,Brassica L.,Brassica L.,Brassica L.,,Mutarda Bernh.,,Brassica,Mutarda
757220,Sinabraca G.H.Loos,Brassica L.,Brassica L.,Brassica L.,,× Brassarda Su Liu & Z.H.Feng,,Brassica,× Brassarda
758190,Loureira Meisn.,Buchanania Spreng.,Buchanania Spreng.,Buchanania Spreng.,,Glycosmis Corrêa,,Buchanania,Glycosmis
758199,Mangifera silvestris Roxb.,Glycosmis cochinchinensis (Lour.) Pierre ex Engl.,Glycosmis cochinchinensis (Lour.) Pierre ex Engl.,Glycosmis cochinchinensis (Lour.) Pierre ex Engl.,Glycosmis cochinchinensis,Buchanania lanzan Spreng.,Buchanania lanzan,Glycosmis,Buchanania
758200,Buchanania lanzan Spreng.,Glycosmis cochinchinensis (Lour.) Pierre ex Engl.,Glycosmis cochinchinensis (Lour.) Pierre ex Engl.,Glycosmis cochinchinensis (Lour.) Pierre ex Engl.,Glycosmis cochinchinensis,Buchanania lanzan Spreng.,Buchanania lanzan,Glycosmis,Buchanania
758201,Spondias elliptica Rottb. ex Hook.f.,Glycosmis cochinchinensis (Lour.) Pierre ex Engl.,Glycosmis cochinchinensis (Lour.) Pierre ex Engl.,Glycosmis cochinchinensis (Lour.) Pierre ex Engl.,Glycosmis cochinchinensis,Buchanania lanzan Spreng.,Buchanania lanzan,Glycosmis,Buchanania
758202,Buchanania latifolia Roxb.,Glycosmis cochinchinensis (Lour.) Pierre ex Engl.,Glycosmis cochinchinensis (Lour.) Pierre ex Engl.,Glycosmis cochinchinensis (Lour.) Pierre ex Engl.,Glycosmis cochinchinensis,Buchanania lanzan Spreng.,Buchanania lanzan,Glycosmis,Buchanania
758203,Lanzana solitaria Stokes,Glycosmis cochinchinensis (Lour.) Pierre ex Engl.,Glycosmis cochinchinensis (Lour.) Pierre ex Engl.,Glycosmis cochinchinensis (Lour.) Pierre ex Engl.,Glycosmis cochinchinensis,Buchanania lanzan Spreng.,Buchanania lanzan,Glycosmis,Buchanania
758204,Lundia mangiferoides Puerari ex DC.,Glycosmis cochinchinensis (Lour.) Pierre ex Engl.,Glycosmis cochinchinensis (Lour.) Pierre ex Engl.,Glycosmis cochinchinensis (Lour.) Pierre ex Engl.,Glycosmis cochinchinensis,Buchanania lanzan Spreng.,Buchanania lanzan,Glycosmis,Buchanania
760719,Camphorata glabra (L.) Crantz,Camphorosma monspeliaca L.,Camphorosma monspeliaca L.,Camphorosma monspeliaca L.,Camphorosma monspeliaca,Polycnemum arvense L.,Polycnemum arvense,Camphorosma,Polycnemum
760723,Camphorosma glabra L.,Camphorosma monspeliaca L.,Camphorosma monspeliaca L.,Camphorosma monspeliaca L.,Camphorosma monspeliaca,Polycnemum arvense L.,Polycnemum arvense,Camphorosma,Polycnemum
763401,Celtis ituriensis De Wild.,Celtis adolfi-friderici Engl.,Celtis adolfi-friderici Engl.,Celtis adolfi-friderici Engl.,Celtis adolfi-friderici,Trema orientale (L.) Blume,Trema orientale,Celtis,Trema
763402,Celtis fragifera A.Chev.,Celtis adolfi-friderici Engl.,Celtis adolfi-friderici Engl.,Celtis adolfi-friderici Engl.,Celtis adolfi-friderici,Sparrea gomphophylla (Baker) X.G.Fu & T.S.Yi,Sparrea gomphophylla,Celtis,Sparrea
766611,Cicendia quitensis (Kunth) Griseb.,Cicendia quadrangularis (Lam.) Griseb.,Cicendia quadrangularis (Lam.) Griseb.,Cicendia quadrangularis (Lam.) Griseb.,Cicendia quadrangularis,Zeltnera quitensis (Kunth) G.Mans.,Zeltnera quitensis,Cicendia,Zeltnera
766680,Parthenoxylon Blume,Cinnamomum Schaeff.,Cinnamomum Schaeff.,Cinnamomum Schaeff.,,Camphora Fabr.,,Cinnamomum,Camphora
766681,Camphora Fabr.,Cinnamomum Schaeff.,Cinnamomum Schaeff.,Cinnamomum Schaeff.,,Camphora Fabr.,,Cinnamomum,Camphora
767216,Silvaea Phil.,Cistanthe Spach,Cistanthe Spach,Cistanthe Spach,,Philippiamra Kuntze,,Cistanthe,Philippiamra
767218,Philippiamra Kuntze,Cistanthe Spach,Cistanthe Spach,Cistanthe Spach,,Philippiamra Kuntze,,Cistanthe,Philippiamra
769456,Galloa Hassk.,Cocculus DC.,Cocculus DC.,Cocculus DC.,,Pachygone Miers,,Cocculus,Pachygone
769507,Ferrandia Gaudich.,Cocculus DC.,Cocculus DC.,Cocculus DC.,,Nephroia Lour.,,Cocculus,Nephroia
769510,Leaeba Forssk.,Cocculus DC.,Cocculus DC.,Cocculus DC.,,Cebatha Forssk.,,Cocculus,Cebatha
769569,Cocculidium Spach,Cocculus DC.,Cocculus DC.,Cocculus DC.,,Nephroia Lour.,,Cocculus,Nephroia
769606,Quinio Schltdl.,Cocculus DC.,Cocculus DC.,Cocculus DC.,,Diploclisia Miers,,Cocculus,Diploclisia
769607,Nephroia Lour.,Cocculus DC.,Cocculus DC.,Cocculus DC.,,Nephroia Lour.,,Cocculus,Nephroia
769608,Bricchettia Pax,Cocculus DC.,Cocculus DC.,Cocculus DC.,,Cebatha Forssk.,,Cocculus,Cebatha
769609,Androphylax J.C.Wendl.,Cocculus DC.,Cocculus DC.,Cocculus DC.,,Nephroia Lour.,,Cocculus,Nephroia
769610,Adenocheton Fenzl,Cocculus DC.,Cocculus DC.,Cocculus DC.,,Cebatha Forssk.,,Cocculus,Cebatha
769611,Baumgartia Moench,Cocculus DC.,Cocculus DC.,Cocculus DC.,,Nephroia Lour.,,Cocculus,Nephroia
769613,Epibaterium J.R.Forst. & G.Forst.,Cocculus DC.,Cocculus DC.,Cocculus DC.,,Cebatha Forssk.,,Cocculus,Cebatha
770156,Ceanothus leschenaultii DC.,Colubrina asiatica (L.) Brongn.,Colubrina asiatica (L.) Brongn.,Colubrina asiatica (L.) Brongn.,Colubrina asiatica,Trema orientale (L.) Blume,Trema orientale,Colubrina,Trema
774141,Oreocarya affinis var. euaffinis Brand,Cryptantha affinis (A.Gray) Greene,Cryptantha affinis (A.Gray) Greene,Cryptantha affinis (A.Gray) Greene,Cryptantha affinis,Oreocarya glomerata (Fraser ex Pursh) Greene,Oreocarya glomerata,Cryptantha,Oreocarya
775675,Aletes J.M.Coult. & Rose,Cymopterus Raf.,Cymopterus Raf.,Cymopterus Raf.,,Aletes J.M.Coult. & Rose,,Cymopterus,Aletes
777753,Staphysagria Spach,Delphinium Tourn. ex L.,Delphinium Tourn. ex L.,Delphinium Tourn. ex L.,,Staphisagria Hill,,Delphinium,Staphisagria
777754,Staphisagria Hill,Delphinium Tourn. ex L.,Delphinium Tourn. ex L.,Delphinium Tourn. ex L.,,Staphisagria Hill,,Delphinium,Staphisagria
778547,Desmodium parviflorum f. yunnanense Pamp.,Desmodiastrum racemosum (Benth.) A.Pramanik & Thoth.,Desmodiastrum racemosum (Benth.) A.Pramanik & Thoth.,Desmodiastrum racemosum (Benth.) A.Pramanik & Thoth.,Desmodiastrum racemosum,Leptodesmia microphylla var. microphylla,Leptodesmia microphylla,Desmodiastrum,Leptodesmia
780842,Sisymbrium cartilagineum Pall. ex DC.,Diplotaxis tenuifolia (L.) DC.,Diplotaxis tenuifolia (L.) DC.,Diplotaxis tenuifolia (L.) DC.,Diplotaxis tenuifolia,Guenthera cartilaginea (Pall. ex DC.) V.I.Dorof.,Guenthera cartilaginea,Diplotaxis,Guenthera
784801,Ocotea endlicheriopsis Mez,Endlicheria canescens Chanderbali,Endlicheria canescens Chanderbali,Endlicheria canescens Chanderbali,Endlicheria canescens,Ocotea endlicheriopsis Mez,Ocotea endlicheriopsis,Endlicheria,Ocotea
784803,Endlicheria endlicheriopsis (Mez) Kosterm.,Endlicheria canescens Chanderbali,Endlicheria canescens Chanderbali,Endlicheria canescens Chanderbali,Endlicheria canescens,Ocotea endlicheriopsis Mez,Ocotea endlicheriopsis,Endlicheria,Ocotea
787208,Rimacactus Mottram,Eriosyce Phil.,Eriosyce Phil.,Eriosyce Phil.,,Rimacactus Mottram,,Eriosyce,Rimacactus
787780,Eruca stenocarpa Boiss. & Reut.,Eruca vesicaria (L.) Cav.,Eruca vesicaria (L.) Cav.,Eruca vesicaria (L.) Cav.,Eruca vesicaria,Erucastrum nasturtiifolium subsp. nasturtiifolium,Erucastrum nasturtiifolium,Eruca,Erucastrum
789246,Euonymus glaucus Turcz.,Euonymus acutangulus Wight,Euonymus acutangulus Wight,Euonymus acutangulus Wight,Euonymus acutangulus,"Glyptopetalum glaucum (Turcz.) A.Mondal, Murugan & Pradh.",Glyptopetalum glaucum,Euonymus,Glyptopetalum
789854,Sycopsis griffithiana Oliv.,Eustigma lenticellatum C.Y.Wu,Eustigma lenticellatum C.Y.Wu,Eustigma lenticellatum C.Y.Wu,Eustigma lenticellatum,Sycopsis griffithiana Oliv.,Sycopsis griffithiana,Eustigma,Sycopsis
790103,Polygonum tristachyum Baker,Fagopyrum cymosum (Trevir.) Meisn.,Fagopyrum cymosum (Trevir.) Meisn.,Fagopyrum cymosum (Trevir.) Meisn.,Fagopyrum cymosum,Oxygonum tristachyum (Baker) H.Perrier,Oxygonum tristachyum,Fagopyrum,Oxygonum
790104,Oxygonum tristachyum (Baker) H.Perrier,Fagopyrum cymosum (Trevir.) Meisn.,Fagopyrum cymosum (Trevir.) Meisn.,Fagopyrum cymosum (Trevir.) Meisn.,Fagopyrum cymosum,Oxygonum tristachyum (Baker) H.Perrier,Oxygonum tristachyum,Fagopyrum,Oxygonum
790187,Acacia aegyptiaca Baill.,Faidherbia albida (Delile) A.Chev.,Faidherbia albida (Delile) A.Chev.,Faidherbia albida (Delile) A.Chev.,Faidherbia albida,Vachellia nilotica subsp. nilotica,Vachellia nilotica,Faidherbia,Vachellia
790202,Pleuropterus Turcz.,Fallopia Adans.,Fallopia Adans.,Fallopia Adans.,,Pleuropterus Turcz.,,Fallopia,Pleuropterus
790304,Glandulicactus Backeb.,Ferocactus Britton & Rose,Ferocactus Britton & Rose,Ferocactus Britton & Rose,,Glandulicactus Backeb.,,Ferocactus,Glandulicactus
794934,Gentiana amarella subsp. chlorifolia (Nees) Arcang.,Gentianella germanica (Willd.) Börner,Gentianella germanica (Willd.) Börner,Gentianella germanica (Willd.) Börner,Gentianella germanica,Gentiana × chlorifolia Nees,Gentiana × chlorifolia,Gentianella,Gentiana
796720,Aillya umbellata var. procumbens (de Vriese) de Vriese,Goodenia filiformis R.Br.,Goodenia filiformis R.Br.,Goodenia filiformis R.Br.,Goodenia filiformis,Scaevola pulchella Carolin,Scaevola pulchella,Goodenia,Scaevola
796721,Aillya umbellata var. spathulata (de Vriese) de Vriese,Goodenia filiformis R.Br.,Goodenia filiformis R.Br.,Goodenia filiformis R.Br.,Goodenia filiformis,Scaevola pulchella Carolin,Scaevola pulchella,Goodenia,Scaevola
798071,Quassia tricarpa Blanco,Guioa pleuropteris (Blume) Radlk.,Guioa pleuropteris (Blume) Radlk.,Guioa pleuropteris (Blume) Radlk.,Guioa pleuropteris,Sapindus tricarpus (Blanco) A.R.Franck,Sapindus tricarpus,Guioa,Sapindus
798815,Pygmaeocereus H.Johnson & Backeb.,Haageocereus Backeb.,Haageocereus Backeb.,Haageocereus Backeb.,,Pygmaeocereus H.Johnson & Backeb.,,Haageocereus,Pygmaeocereus
799534,Cereus serruliflorus Haw.,Harrisia divaricata (Lam.) Backeb.,Harrisia divaricata (Lam.) Backeb.,Harrisia divaricata (Lam.) Backeb.,Harrisia divaricata,Cereus serruliflorus Haw.,Cereus serruliflorus,Harrisia,Cereus
799611,Hariota clavata var. deliculata (Loefgr.) A.Cast.,Hatiora salicornoides (Haw.) Britton & Rose,Hatiora salicornoides (Haw.) Britton & Rose,Hatiora salicornoides (Haw.) Britton & Rose,Hatiora salicornoides,Rhipsalis clavata F.A.C.Weber,Rhipsalis clavata,Hatiora,Rhipsalis
799613,Hariota bambusoides var. delicatula (Loefgr.) A.Cast.,Hatiora salicornoides (Haw.) Britton & Rose,Hatiora salicornoides (Haw.) Britton & Rose,Hatiora salicornoides (Haw.) Britton & Rose,Hatiora salicornoides,Rhipsalis clavata F.A.C.Weber,Rhipsalis clavata,Hatiora,Rhipsalis
800230,Helianthemum alyssoides subsp. cheiranthoides (Lam.) Nyman,Helianthemum syriacum (Jacq.) Dum.Cours.,Helianthemum syriacum (Jacq.) Dum.Cours.,Helianthemum syriacum (Jacq.) Dum.Cours.,Helianthemum syriacum,Cistus × cheiranthoides Lam.,Cistus × cheiranthoides,Helianthemum,Cistus
801310,Argyrodendron F.Muell.,Heritiera Aiton,Heritiera Aiton,Heritiera Aiton,,Argyrodendron F.Muell.,,Heritiera,Argyrodendron
801746,Heteropterys angustifolia f. lanceolata Nied.,Heteropterys glabra Hook. & Arn.,Heteropterys glabra Hook. & Arn.,Heteropterys glabra Hook. & Arn.,Heteropterys glabra,Banisteriopsis laevifolia (A.Juss.) B.Gates,Banisteriopsis laevifolia,Heteropterys,Banisteriopsis
802066,Munchusia Heist. ex Raf.,Hibiscus L.,Hibiscus L.,Hibiscus L.,,Blanchardia M.M.Hanes & R.L.Barrett,,Hibiscus,Blanchardia
802067,Muenchhusia Heist. ex Fabr.,Hibiscus L.,Hibiscus L.,Hibiscus L.,,Muenchhusia Heist. ex Fabr.,,Hibiscus,Muenchhusia
802221,Hibiscus crenatus Vell.,Hibiscus sororius L.,Hibiscus sororius L.,Hibiscus sororius L.,Hibiscus sororius,Peltaea polymorpha (A.St.-Hil.) Krapov. & Cristóbal,Peltaea polymorpha,Hibiscus,Peltaea
803718,Pleurospermum lecomtianum H.Wolff,Hymenidium wilsonii (H.Boissieu) Pimenov & Kljuykov,Hymenidium wilsonii (H.Boissieu) Pimenov & Kljuykov,Hymenidium wilsonii (H.Boissieu) Pimenov & Kljuykov,Hymenidium wilsonii,Pleurospermum lecomtianum H.Wolff,Pleurospermum lecomtianum,Hymenidium,Pleurospermum
804041,Ilex heterophylla G.Don,Ilex aquifolium L.,Ilex aquifolium L.,Ilex aquifolium L.,Ilex aquifolium,Osmanthus heterophyllus (G.Don) P.S.Green,Osmanthus heterophyllus,Ilex,Osmanthus
806186,Robinsonia melianthifolia Willd.,Quiina guianensis Aubl.,Quiina guianensis Aubl.,Quiina guianensis Aubl.,Quiina guianensis,Touroulia guianensis Aubl.,Touroulia guianensis,Quiina,Touroulia
810490,Phaseolus obliquifolius Mart. ex Benth.,Condylostylis candida (Vell.) A.Delgado,Condylostylis candida (Vell.) A.Delgado,Condylostylis candida (Vell.) A.Delgado,Condylostylis candida,"Ancistrotropis obliquifolia (Mart. ex Benth.) F.S.Santos, Snak & A.Delgado",Ancistrotropis obliquifolia,Condylostylis,Ancistrotropis
811122,Connarus decumbens Thunb.,Leobordea polycephala (E.Mey.) B.-E.van Wyk & Boatwr.,Leobordea polycephala (E.Mey.) B.-E.van Wyk & Boatwr.,Leobordea polycephala (E.Mey.) B.-E.van Wyk & Boatwr.,Leobordea polycephala,Lotononis triphylla (L.) Dorr,Lotononis triphylla,Leobordea,Lotononis
811143,Hermannia triphylla L.,Leobordea polycephala (E.Mey.) B.-E.van Wyk & Boatwr.,Leobordea polycephala (E.Mey.) B.-E.van Wyk & Boatwr.,Leobordea polycephala (E.Mey.) B.-E.van Wyk & Boatwr.,Leobordea polycephala,Lotononis triphylla (L.) Dorr,Lotononis triphylla,Leobordea,Lotononis
811663,Phaseolus spixianus Mart. ex Benth.,Ancistrotropis peduncularis (Fawc. & Rendle) A.Delgado,Ancistrotropis peduncularis (Fawc. & Rendle) A.Delgado,Ancistrotropis peduncularis (Fawc. & Rendle) A.Delgado,Ancistrotropis peduncularis,Sigmoidotropis spixiana (Mart. ex Benth.) A.Delgado,Sigmoidotropis spixiana,Ancistrotropis,Sigmoidotropis
812096,Acrodiclidium guianense var. oppositifolium Meisn.,Dicypellium caryophyllaceum (Mart.) Nees & Mart.,Dicypellium caryophyllaceum (Mart.) Nees & Mart.,Dicypellium caryophyllaceum (Mart.) Nees & Mart.,Dicypellium caryophyllaceum,Licaria chrysophylla (Meisn.) Kosterm.,Licaria chrysophylla,Dicypellium,Licaria
812100,Acrodiclidium guianense var. reticulatum Meisn.,Dicypellium caryophyllaceum (Mart.) Nees & Mart.,Dicypellium caryophyllaceum (Mart.) Nees & Mart.,Dicypellium caryophyllaceum (Mart.) Nees & Mart.,Dicypellium caryophyllaceum,Licaria polyphylla (Nees) Kosterm.,Licaria polyphylla,Dicypellium,Licaria
812101,Acrodiclidium guianense Nees,Dicypellium caryophyllaceum (Mart.) Nees & Mart.,Dicypellium caryophyllaceum (Mart.) Nees & Mart.,Dicypellium caryophyllaceum (Mart.) Nees & Mart.,Dicypellium caryophyllaceum,Licaria polyphylla (Nees) Kosterm.,Licaria polyphylla,Dicypellium,Licaria
812103,Nectandra caudata Nees & Mart. ex Meisn.,Dicypellium caryophyllaceum (Mart.) Nees & Mart.,Dicypellium caryophyllaceum (Mart.) Nees & Mart.,Dicypellium caryophyllaceum (Mart.) Nees & Mart.,Dicypellium caryophyllaceum,Licaria polyphylla (Nees) Kosterm.,Licaria polyphylla,Dicypellium,Licaria
813036,Chenopodium acutifolium Kit. ex Schult.,"Lipandra polysperma (L.) S.Fuentes, Uotila & Borsch","Lipandra polysperma (L.) S.Fuentes, Uotila & Borsch","Lipandra polysperma (L.) S.Fuentes, Uotila & Borsch",Lipandra polysperma,Chenopodium standleyanum Aellen,Chenopodium standleyanum,Lipandra,Chenopodium
813040,Chenopodium polyspermum var. spicatum Klett & Richt.,"Lipandra polysperma (L.) S.Fuentes, Uotila & Borsch","Lipandra polysperma (L.) S.Fuentes, Uotila & Borsch","Lipandra polysperma (L.) S.Fuentes, Uotila & Borsch",Lipandra polysperma,Chenopodium standleyanum Aellen,Chenopodium standleyanum,Lipandra,Chenopodium
813074,Echinopsis dobeana (Dölz) J.G.Lamb.,Leucostele deserticola (Werderm.) Schlumpb.,Leucostele deserticola (Werderm.) Schlumpb.,Leucostele deserticola (Werderm.) Schlumpb.,Leucostele deserticola,Echinopsis aurea subsp. aurea,Echinopsis aurea,Leucostele,Echinopsis
813233,Tournefortia earlei Britton,Myriopus stenophyllus (Urb.) Feuillet,Myriopus stenophyllus (Urb.) Feuillet,Myriopus stenophyllus (Urb.) Feuillet,Myriopus stenophyllus,"Heliotropium earlei (Britton) Greuter, P.A.González & R.Rankin",Heliotropium earlei,Myriopus,Heliotropium
816097,Taihangia T.T.Yu & C.L.Li,Geum L.,Geum L.,Geum L.,,Taihangia T.T.Yu & C.L.Li,,Geum,Taihangia
818762,Pyrus densiflora (Spach) Steud.,Aronia arbutifolia (L.) Pers.,Aronia arbutifolia (L.) Pers.,Aronia arbutifolia (L.) Pers.,Aronia arbutifolia,Aria edulis (Willd.) M.Roem.,Aria edulis,Aronia,Aria
818765,Aronia densiflora Spach,Aronia arbutifolia (L.) Pers.,Aronia arbutifolia (L.) Pers.,Aronia arbutifolia (L.) Pers.,Aronia arbutifolia,Aria edulis (Willd.) M.Roem.,Aria edulis,Aronia,Aria
818776,Sorbus densiflora (Spach) Heynh.,Aronia arbutifolia (L.) Pers.,Aronia arbutifolia (L.) Pers.,Aronia arbutifolia (L.) Pers.,Aronia arbutifolia,Aria edulis (Willd.) M.Roem.,Aria edulis,Aronia,Aria
820041,Oncostylus (Schltdl.) F.Bolle,Geum L.,Geum L.,Geum L.,,Oncostylus (Schltdl.) F.Bolle,,Geum,Oncostylus
820484,Heteromeles M.Roem.,Photinia Lindl.,Photinia Lindl.,Photinia Lindl.,,Heteromeles M.Roem.,,Photinia,Heteromeles
823046,Pyrus amygdaliformis var. heterophylla (Spach) Dippel,Pyrus spinosa Forssk.,Pyrus spinosa Forssk.,Pyrus spinosa Forssk.,Pyrus spinosa,Malus × heterophylla Spach,Malus × heterophylla,Pyrus,Malus
823061,× Rhaphiobotrya Coombes,Rhaphiolepis Lindl.,Rhaphiolepis Lindl.,Rhaphiolepis Lindl.,,× Rhaphiobotrya Coombes,,Rhaphiolepis,× Rhaphiobotrya
823062,Eriobotrya Lindl.,Rhaphiolepis Lindl.,Rhaphiolepis Lindl.,Rhaphiolepis Lindl.,,Eriobotrya Lindl.,,Rhaphiolepis,Eriobotrya
828912,× Stranvinia Coombes,Stranvaesia Lindl.,Stranvaesia Lindl.,Stranvaesia Lindl.,,× Stranvinia Coombes,,Stranvaesia,× Stranvinia
830608,Mimosa tenuifolia Roxb.,"Senegalia intsia (L.) Maslin, Seigler & Ebinger","Senegalia intsia (L.) Maslin, Seigler & Ebinger",Mimosa rubicaulis var. rubicaulis,Mimosa rubicaulis,"Senegalia caesia (L.) Maslin, Seigler & Ebinger",Senegalia caesia,Mimosa,Senegalia
830611,Acacia arar Buch.-Ham. ex Wall.,"Senegalia intsia (L.) Maslin, Seigler & Ebinger","Senegalia intsia (L.) Maslin, Seigler & Ebinger",Mimosa rubicaulis var. rubicaulis,Mimosa rubicaulis,"Senegalia caesia (L.) Maslin, Seigler & Ebinger",Senegalia caesia,Mimosa,Senegalia
835075,Sorbus hybrida var. neuillyensis (Dippel) Cockerell,Hedlundia hybrida (L.) Sennikov & Kurtto,Hedlundia hybrida (L.) Sennikov & Kurtto,Hedlundia hybrida (L.) Sennikov & Kurtto,Hedlundia hybrida,× Arsorbus thuringiaca (Nyman) Z.H.Feng & Su Liu,× Arsorbus thuringiaca,Hedlundia,× Arsorbus
835270,Peucedanum praeruptorum subsp. hirsutiusculum Ma,Kitagawia praeruptora (Dunn) Pimenov,Kitagawia praeruptora (Dunn) Pimenov,Kitagawia praeruptora (Dunn) Pimenov,Kitagawia praeruptora,Peucedanum harry-smithii var. harry-smithii,Peucedanum harry-smithii,Kitagawia,Peucedanum
835272,Peucedanum hirsutiusculum (Ma) V.M.Vinogr.,Kitagawia praeruptora (Dunn) Pimenov,Kitagawia praeruptora (Dunn) Pimenov,Kitagawia praeruptora (Dunn) Pimenov,Kitagawia praeruptora,Peucedanum harry-smithii var. harry-smithii,Peucedanum harry-smithii,Kitagawia,Peucedanum
835339,Richella discostigma (Diels) R.E.Fr.,Monanthotaxis montana (Engl. & Diels) P.H.Hoekstra,Monanthotaxis montana (Engl. & Diels) P.H.Hoekstra,Monanthotaxis montana (Engl. & Diels) P.H.Hoekstra,Monanthotaxis montana,Afroguatteria discostigma (Diels) X.Guo & R.M.K.Saunders,Afroguatteria discostigma,Monanthotaxis,Afroguatteria
835340,Oxymitra discostigma (Diels) Ghesq. ex Pellegr.,Monanthotaxis montana (Engl. & Diels) P.H.Hoekstra,Monanthotaxis montana (Engl. & Diels) P.H.Hoekstra,Monanthotaxis montana (Engl. & Diels) P.H.Hoekstra,Monanthotaxis montana,Afroguatteria discostigma (Diels) X.Guo & R.M.K.Saunders,Afroguatteria discostigma,Monanthotaxis,Afroguatteria
835341,Friesodielsia discostigma (Diels) Steenis,Monanthotaxis montana (Engl. & Diels) P.H.Hoekstra,Monanthotaxis montana (Engl. & Diels) P.H.Hoekstra,Monanthotaxis montana (Engl. & Diels) P.H.Hoekstra,Monanthotaxis montana,Afroguatteria discostigma (Diels) X.Guo & R.M.K.Saunders,Afroguatteria discostigma,Monanthotaxis,Afroguatteria
835342,Cleistopholis discostigma Diels,Monanthotaxis montana (Engl. & Diels) P.H.Hoekstra,Monanthotaxis montana (Engl. & Diels) P.H.Hoekstra,Monanthotaxis montana (Engl. & Diels) P.H.Hoekstra,Monanthotaxis montana,Afroguatteria discostigma (Diels) X.Guo & R.M.K.Saunders,Afroguatteria discostigma,Monanthotaxis,Afroguatteria
835343,Afroguatteria discostigma (Diels) X.Guo & R.M.K.Saunders,Monanthotaxis montana (Engl. & Diels) P.H.Hoekstra,Monanthotaxis montana (Engl. & Diels) P.H.Hoekstra,Monanthotaxis montana (Engl. & Diels) P.H.Hoekstra,Monanthotaxis montana,Afroguatteria discostigma (Diels) X.Guo & R.M.K.Saunders,Afroguatteria discostigma,Monanthotaxis,Afroguatteria
839169,Perilimnastes Ridl.,Anerincleistus Korth.,Anerincleistus Korth.,Anerincleistus Korth.,,Perilimnastes Ridl.,,Anerincleistus,Perilimnastes
839174,Bourdaria A.Chev.,Cincinnobotrys Gilg,Cincinnobotrys Gilg,Cincinnobotrys Gilg,,Bourdaria A.Chev.,,Cincinnobotrys,Bourdaria
843730,Cousinia horridula Juz.,"Arctium horrescens (Juz.) S.López, Romasch., Susanna & N.Garcia","Arctium horrescens (Juz.) S.López, Romasch., Susanna & N.Garcia","Arctium horrescens (Juz.) S.López, Romasch., Susanna & N.Garcia",Arctium horrescens,Cousinia horridula Juz.,Cousinia horridula,Arctium,Cousinia
844914,Centaurea carthamoides Chevall.,Centaurea albonitens Turrill,Centaurea albonitens Turrill,Centaurea albonitens Turrill,Centaurea albonitens,Phonus lanatus (L.) Hill,Phonus lanatus,Centaurea,Phonus
846548,Vernonia floribunda Kunth,Vernonanthura patens (Kunth) H.Rob.,Vernonanthura patens (Kunth) H.Rob.,Vernonanthura patens (Kunth) H.Rob.,Vernonanthura patens,Critoniopsis floribunda (Kunth) H.Rob.,Critoniopsis floribunda,Vernonanthura,Critoniopsis
847070,Oliganthes jelskii Hieron.,Critoniopsis jelskii (Hieron.) H.Rob.,Critoniopsis jelskii (Hieron.) H.Rob.,Critoniopsis jelskii (Hieron.) H.Rob.,Critoniopsis jelskii,Grosvenoria jelskii (Hieron.) R.M.King & H.Rob.,Grosvenoria jelskii,Critoniopsis,Grosvenoria
847073,Grosvenoria jelskii (Hieron.) R.M.King & H.Rob.,Critoniopsis jelskii (Hieron.) H.Rob.,Critoniopsis jelskii (Hieron.) H.Rob.,Critoniopsis jelskii (Hieron.) H.Rob.,Critoniopsis jelskii,Grosvenoria jelskii (Hieron.) R.M.King & H.Rob.,Grosvenoria jelskii,Critoniopsis,Grosvenoria
854705,Xeranthemum ciliatum L.,Cullumia decurrens Less.,Cullumia decurrens Less.,Cullumia decurrens Less.,Cullumia decurrens,Polyarrhena reflexa subsp. reflexa,Polyarrhena reflexa,Cullumia,Polyarrhena
855428,Sonchus strictus Pau,Rainiera stricta (Greene) Greene,Rainiera stricta (Greene) Greene,Rainiera stricta (Greene) Greene,Rainiera stricta,Sonchus leptocephalus Cass.,Sonchus leptocephalus,Rainiera,Sonchus
856811,Doronicum japonicum Lam.,Gynura japonica (Thunb.) Juel,Gynura japonica (Thunb.) Juel,Gynura japonica (Thunb.) Juel,Gynura japonica,Ligularia japonica var. japonica,Ligularia japonica,Gynura,Ligularia
857149,Senecio depilis Phil.,Dendrophorbium americanum (L.f.) C.Jeffrey,Dendrophorbium americanum (L.f.) C.Jeffrey,Dendrophorbium americanum (L.f.) C.Jeffrey,Dendrophorbium americanum,Acrisione denticulata var. denticulata,Acrisione denticulata,Dendrophorbium,Acrisione
857299,Cacalia cinerarioides Kunth,Aetheolaena senecioides (Kunth) B.Nord.,Aetheolaena senecioides (Kunth) B.Nord.,Aetheolaena senecioides (Kunth) B.Nord.,Aetheolaena senecioides,Senecio bonplandianus DC.,Senecio bonplandianus,Aetheolaena,Senecio
857316,Senecio adenophylloides Sch.Bip.,Culcitium rufescens Bonpl.,Culcitium rufescens Bonpl.,Culcitium rufescens Bonpl.,Culcitium rufescens,Senecio rufescens DC.,Senecio rufescens,Culcitium,Senecio
857319,Senecio austrorufescens Cuatrec.,Culcitium rufescens Bonpl.,Culcitium rufescens Bonpl.,Culcitium rufescens Bonpl.,Culcitium rufescens,Senecio rufescens DC.,Senecio rufescens,Culcitium,Senecio
859331,Gnaphalium javanicum Reinw. ex Blume,Pseudognaphalium affine (D.Don) Anderb.,Pseudognaphalium affine (D.Don) Anderb.,Pseudognaphalium affine (D.Don) Anderb.,Pseudognaphalium affine,Anaphalis javanica (Reinw. ex Blume) Martelli,Anaphalis javanica,Pseudognaphalium,Anaphalis
859345,Gnaphalium andicola Kuntze,Pseudognaphalium viravira (Molina) Anderb.,Pseudognaphalium viravira (Molina) Anderb.,Pseudognaphalium viravira (Molina) Anderb.,Pseudognaphalium viravira,Belloa chilensis (Hook. & Arn.) J.Rémy,Belloa chilensis,Pseudognaphalium,Belloa
859550,Gnaphalium dealbatum var. luteofuscum (Webb) Lobin,Vellereophyton dealbatum (Thunb.) Hilliard & B.L.Burtt,Vellereophyton dealbatum (Thunb.) Hilliard & B.L.Burtt,Vellereophyton dealbatum (Thunb.) Hilliard & B.L.Burtt,Vellereophyton dealbatum,Pseudognaphalium luteoalbum (L.) Hilliard & B.L.Burtt,Pseudognaphalium luteoalbum,Vellereophyton,Pseudognaphalium
859551,Gnaphalium luteofuscum Webb,Vellereophyton dealbatum (Thunb.) Hilliard & B.L.Burtt,Vellereophyton dealbatum (Thunb.) Hilliard & B.L.Burtt,Vellereophyton dealbatum (Thunb.) Hilliard & B.L.Burtt,Vellereophyton dealbatum,Pseudognaphalium luteoalbum (L.) Hilliard & B.L.Burtt,Pseudognaphalium luteoalbum,Vellereophyton,Pseudognaphalium
859676,Gnaphalium lanatum G.Forst.,Euchiton involucratus (G.Forst.) Holub,Euchiton involucratus (G.Forst.) Holub,Euchiton involucratus (G.Forst.) Holub,Euchiton involucratus,"Pseudognaphalium lanatum (G.Forst.) Smissen, Breitw. & de Lange",Pseudognaphalium lanatum,Euchiton,Pseudognaphalium
861368,Aster praecox Mill.,Eurybia sibirica (L.) G.L.Nesom,Eurybia sibirica (L.) G.L.Nesom,Eurybia sibirica (L.) G.L.Nesom,Eurybia sibirica,Aster praecox Mill.,Aster praecox,Eurybia,Aster
861399,Leysera pilosella Thunb.,Afroaster hispidus (Thunb.) J.C.Manning & Goldblatt,Afroaster hispidus (Thunb.) J.C.Manning & Goldblatt,Afroaster hispidus (Thunb.) J.C.Manning & Goldblatt,Afroaster hispidus,Zyrphelis pilosella (Thunb.) Kuntze,Zyrphelis pilosella,Afroaster,Zyrphelis
863904,Tanacetum gmelinii Sch.Bip.,Chrysanthemum zawadzkii subsp. zawadzkii,Chrysanthemum zawadzkii subsp. zawadzkii,Chrysanthemum zawadzkii subsp. zawadzkii,Chrysanthemum zawadzkii,Arctanthemum arcticum subsp. arcticum,Arctanthemum arcticum,Chrysanthemum,Arctanthemum
865820,Leucanthemum fontanesii Boiss. & Reut.,Plagius maghrebinus Vogt & Greuter,Plagius maghrebinus Vogt & Greuter,Plagius maghrebinus Vogt & Greuter,Plagius maghrebinus,Leucanthemum virgatum (Desf.) Clos,Leucanthemum virgatum,Plagius,Leucanthemum
872827,Eupatorium decipiens Hook. & Arn.,Ophryosporus triangularis Meyen,Ophryosporus triangularis Meyen,Ophryosporus triangularis Meyen,Ophryosporus triangularis,Heterocondylus decipiens (Hook. & Arn.) R.M.King & H.Rob.,Heterocondylus decipiens,Ophryosporus,Heterocondylus
872905,Arctanthemum (Tzvelev) Tzvelev,Chrysanthemum L.,Chrysanthemum L.,Chrysanthemum L.,,Arctanthemum (Tzvelev) Tzvelev,,Chrysanthemum,Arctanthemum
872907,Hulteniella Tzvelev,Chrysanthemum L.,Chrysanthemum L.,Chrysanthemum L.,,Hulteniella Tzvelev,,Chrysanthemum,Hulteniella
873050,Trilisa (Cass.) Cass.,Carphephorus Cass.,Carphephorus Cass.,Carphephorus Cass.,,Trilisa (Cass.) Cass.,,Carphephorus,Trilisa
873175,Haplosticha Phil.,Senecio L.,Senecio L.,Senecio L.,,Haplosticha Phil.,,Senecio,Haplosticha
873183,Iocenes B.Nord.,Senecio L.,Senecio L.,Senecio L.,,Iocenes B.Nord.,,Senecio,Iocenes
873313,Shawia J.R.Forst. & G.Forst.,Olearia Moench,Olearia Moench,Olearia Moench,,Shawia J.R.Forst. & G.Forst.,,Olearia,Shawia
873331,Geothamnus G.L.Nesom,Aster L.,Aster L.,Aster L.,,Geothamnus G.L.Nesom,,Aster,Geothamnus
873333,Iteroloba G.L.Nesom,Aster L.,Aster L.,Aster L.,,Iteroloba G.L.Nesom,,Aster,Iteroloba
873335,Griersonia G.L.Nesom,Aster L.,Aster L.,Aster L.,,Griersonia G.L.Nesom,,Aster,Griersonia
873337,Tibetiodes G.L.Nesom,Aster L.,Aster L.,Aster L.,,Tibetiodes G.L.Nesom,,Aster,Tibetiodes
873338,Metamyriactis G.L.Nesom,Aster L.,Aster L.,Aster L.,,Metamyriactis G.L.Nesom,,Aster,Metamyriactis
873339,Sinosidus G.L.Nesom,Aster L.,Aster L.,Aster L.,,Homostylium Nees,,Aster,Homostylium
873344,Homostylium Nees,Aster L.,Aster L.,Aster L.,,Homostylium Nees,,Aster,Homostylium
873352,Wardaster J.Small,Aster L.,Aster L.,Aster L.,,Chlamydites J.R.Drumm.,,Aster,Chlamydites
873353,Chlamydites J.R.Drumm.,Aster L.,Aster L.,Aster L.,,Chlamydites J.R.Drumm.,,Aster,Chlamydites
873436,Frappieria Cordem.,Psiadia Jacq.,Psiadia Jacq.,Psiadia Jacq.,,Frappieria Cordem.,,Psiadia,Frappieria
873503,Vogtia Oberpr. & Sonboli,Tanacetum L.,Tanacetum L.,Tanacetum L.,,Vogtia Oberpr. & Sonboli,,Tanacetum,Vogtia
873534,Polychrysum (Tzvelev) Kovalevsk.,Lepidolopsis Poljakov,Lepidolopsis Poljakov,Lepidolopsis Poljakov,,Polychrysum (Tzvelev) Kovalevsk.,,Lepidolopsis,Polychrysum
873627,"Xylothamia G.L.Nesom, Y.B.Suh, D.R.Morgan & B.B.Simpson",Gundlachia A.Gray,Gundlachia A.Gray,Gundlachia A.Gray,,"Xylothamia G.L.Nesom, Y.B.Suh, D.R.Morgan & B.B.Simpson",,Gundlachia,Xylothamia
873635,Eucephalus Nutt.,Doellingeria Nees,Doellingeria Nees,Doellingeria Nees,,Eucephalus Nutt.,,Doellingeria,Eucephalus
873730,Laphangium (Hilliard & B.L.Burtt) Tzvelev,Helichrysum Mill.,Helichrysum Mill.,Helichrysum Mill.,,Pseudognaphalium Kirp.,,Helichrysum,Pseudognaphalium
873892,Berkheyopsis O.Hoffm.,Gorteria L.,Gorteria L.,Gorteria L.,,Berkheyopsis O.Hoffm.,,Gorteria,Berkheyopsis
873897,Avellara Blanca & C.Díaz,Scorzonera L.,Scorzonera L.,Scorzonera L.,,Avellara Blanca & C.Díaz,,Scorzonera,Avellara
877227,Vittaria lunulata Roxb.,Nesolindsaea caudata (Hook.) Lehtonen & Christenh.,Nesolindsaea caudata (Hook.) Lehtonen & Christenh.,Nesolindsaea caudata (Hook.) Lehtonen & Christenh.,Nesolindsaea caudata,Lindsaea parasitica (Roxb.) Wall. ex Hieron.,Lindsaea parasitica,Nesolindsaea,Lindsaea
877229,Lindsaea scandens Hook.,Nesolindsaea caudata (Hook.) Lehtonen & Christenh.,Nesolindsaea caudata (Hook.) Lehtonen & Christenh.,Nesolindsaea caudata (Hook.) Lehtonen & Christenh.,Nesolindsaea caudata,Lindsaea scandens Hook.,Lindsaea scandens,Nesolindsaea,Lindsaea
877230,Vittaria parasitica Roxb.,Nesolindsaea caudata (Hook.) Lehtonen & Christenh.,Nesolindsaea caudata (Hook.) Lehtonen & Christenh.,Nesolindsaea caudata (Hook.) Lehtonen & Christenh.,Nesolindsaea caudata,Lindsaea parasitica (Roxb.) Wall. ex Hieron.,Lindsaea parasitica,Nesolindsaea,Lindsaea
877231,Lindsaea bipinnata Roxb.,Nesolindsaea caudata (Hook.) Lehtonen & Christenh.,Nesolindsaea caudata (Hook.) Lehtonen & Christenh.,Nesolindsaea caudata (Hook.) Lehtonen & Christenh.,Nesolindsaea caudata,Lindsaea parasitica (Roxb.) Wall. ex Hieron.,Lindsaea parasitica,Nesolindsaea,Lindsaea
878234,Trichomanes obtusum (Copel.) C.V.Morton,Hymenophyllum obtusum Hook. & Arn.,Hymenophyllum obtusum Hook. & Arn.,Hymenophyllum obtusum Hook. & Arn.,Hymenophyllum obtusum,Trichomanes maximum Blume,Trichomanes maximum,Hymenophyllum,Trichomanes
880975,Asplenium aequabile Baker,Diplazium aequibasale (Baker) C.Chr.,Diplazium aequibasale (Baker) C.Chr.,Diplazium aequibasale (Baker) C.Chr.,Diplazium aequibasale,Asplenium aequabile Baker,Asplenium aequabile,Diplazium,Asplenium
882359,Dryopteris strigosa (Willd.) C.Chr.,Ctenitis crinita (Poir.) Ching,Ctenitis crinita (Poir.) Ching,Ctenitis crinita (Poir.) Ching,Ctenitis crinita,Thelypteris strigosa (Willd.) Tardieu,Thelypteris strigosa,Ctenitis,Thelypteris
883116,Aspidium consobrinum Fée,Megalastrum crenulans (Fée) A.R.Sm. & R.C.Moran,Megalastrum crenulans (Fée) A.R.Sm. & R.C.Moran,Megalastrum crenulans (Fée) A.R.Sm. & R.C.Moran,Megalastrum crenulans,Ctenitis meridionalis var. meridionalis,Ctenitis meridionalis,Megalastrum,Ctenitis
883801,Stenochlaena leptocarpa (Fée) Underw.,Lomariopsis spectabilis Mett.,Lomariopsis spectabilis Mett.,Lomariopsis spectabilis Mett.,Lomariopsis spectabilis,Teratophyllum leptocarpum (Fée) Holttum,Teratophyllum leptocarpum,Lomariopsis,Teratophyllum
885388,Goniophlebium elatum Fée,Serpocaulon dissimile (L.) A.R.Sm.,Serpocaulon dissimile (L.) A.R.Sm.,Serpocaulon dissimile (L.) A.R.Sm.,Serpocaulon dissimile,Pecluma dulcis (Poir.) F.C.Assis & Salino,Pecluma dulcis,Serpocaulon,Pecluma
885573,Polypodium mollendense Maxon,Pleopeltis masafuerae (Phil.) de la Sota,Pleopeltis masafuerae (Phil.) de la Sota,Pleopeltis masafuerae (Phil.) de la Sota,Pleopeltis masafuerae,Polypodium mollendense Maxon,Polypodium mollendense,Pleopeltis,Polypodium
886247,Alsophila gazellae Kuhn,Sphaeropteris lunulata (G.Forst.) R.M.Tryon,Sphaeropteris lunulata (G.Forst.) R.M.Tryon,Sphaeropteris lunulata (G.Forst.) R.M.Tryon,Sphaeropteris lunulata,Pleocnemia cumingiana C.Presl,Pleocnemia cumingiana,Sphaeropteris,Pleocnemia
886398,Cyathea remotifolia Bonap.,Alsophila simulans Baker,Alsophila simulans Baker,Alsophila simulans Baker,Alsophila simulans,Cyathea remotifolia Bonap.,Cyathea remotifolia,Alsophila,Cyathea
889459,Cardiochlaena Fée,Tectaria Cav.,Tectaria Cav.,Tectaria Cav.,,Polydictyum C.Presl,,Tectaria,Polydictyum
889463,Polydictyum C.Presl,Tectaria Cav.,Tectaria Cav.,Tectaria Cav.,,Polydictyum C.Presl,,Tectaria,Polydictyum
889492,Adenoderris J.Sm.,Polystichum Roth,Polystichum Roth,Polystichum Roth,,Dryopteris Adans.,,Polystichum,Dryopteris
889718,Hiya H.Shang,Hypolepis Bernh.,Hypolepis Bernh.,Hypolepis Bernh.,,Hiya H.Shang,,Hypolepis,Hiya
892403,Cyathea nigrescens (Hook.) J.Sm.,Thelypteris woodlarkensis (Copel.) Christenh.,Thelypteris woodlarkensis (Copel.) Christenh.,Thelypteris woodlarkensis (Copel.) Christenh.,Thelypteris woodlarkensis,Alsophila woodwardioides (Kaulf.) D.S.Conant,Alsophila woodwardioides,Thelypteris,Alsophila
894050,Anemone soyensis H.Boissieu,Anemonastrum flaccidum (Fr.Schmidt) Mosyakin,Anemonastrum flaccidum (Fr.Schmidt) Mosyakin,Anemonastrum flaccidum (Fr.Schmidt) Mosyakin,Anemonastrum flaccidum,Anemone soyensis H.Boissieu,Anemone soyensis,Anemonastrum,Anemone
896034,Arawakia L.Marinho,Tovomita Aubl.,Tovomita Aubl.,Tovomita Aubl.,,Arawakia L.Marinho,,Tovomita,Arawakia
901493,Cytisus lotoides Pourr.,Chamaecytisus supinus subsp. supinus,Chamaecytisus supinus subsp. supinus,Chamaecytisus supinus subsp. supinus,Chamaecytisus supinus,Cytisus lotoides Pourr.,Cytisus lotoides,Chamaecytisus,Cytisus
901500,Chamaecytisus supinus var. gallicus (A.Kern. ex Willk. & Lange) C.Vicioso,Chamaecytisus supinus subsp. supinus,Chamaecytisus supinus subsp. supinus,Chamaecytisus supinus subsp. supinus,Chamaecytisus supinus,Cytisus lotoides Pourr.,Cytisus lotoides,Chamaecytisus,Cytisus
901507,Cytisus supinus var. gallicus (A.Kern. ex Willk. & Lange) Briq.,Chamaecytisus supinus subsp. supinus,Chamaecytisus supinus subsp. supinus,Chamaecytisus supinus subsp. supinus,Chamaecytisus supinus,Cytisus lotoides Pourr.,Cytisus lotoides,Chamaecytisus,Cytisus
901702,Cytisus benehoavensis (Bolle) Svent.,Cytisus scoparius subsp. scoparius,Cytisus scoparius subsp. scoparius,Cytisus scoparius subsp. scoparius,Cytisus scoparius,Genista benehoavensis (Bolle) del Arco,Genista benehoavensis,Cytisus,Genista
903440,Nanophyton acutum (L.) Druce,Nanophyton erinaceum subsp. erinaceum,Nanophyton erinaceum subsp. erinaceum,Nanophyton erinaceum subsp. erinaceum,Nanophyton erinaceum,Polycnemum majus A.Braun ex Bogenh.,Polycnemum majus,Nanophyton,Polycnemum
903450,Camphorosma acuta L.,Nanophyton erinaceum subsp. erinaceum,Nanophyton erinaceum subsp. erinaceum,Nanophyton erinaceum subsp. erinaceum,Nanophyton erinaceum,Polycnemum majus A.Braun ex Bogenh.,Polycnemum majus,Nanophyton,Polycnemum
904536,Sedum griffithii C.B.Clarke,Rosularia adenotricha subsp. adenotricha,Rosularia adenotricha subsp. adenotricha,Rosularia adenotricha subsp. adenotricha,Rosularia adenotricha,Sedum griffithii C.B.Clarke,Sedum griffithii,Rosularia,Sedum
906939,Cardamine laevigata (Willd.) Bubani,Sisymbrella aspera subsp. aspera,Sisymbrella aspera subsp. aspera,Sisymbrella aspera subsp. aspera,Sisymbrella aspera,Diplotaxis tenuifolia (L.) DC.,Diplotaxis tenuifolia,Sisymbrella,Diplotaxis
906943,Nasturtium asperum var. laevigatum (Willd.) E.Fourn.,Sisymbrella aspera subsp. aspera,Sisymbrella aspera subsp. aspera,Sisymbrella aspera subsp. aspera,Sisymbrella aspera,Diplotaxis tenuifolia (L.) DC.,Diplotaxis tenuifolia,Sisymbrella,Diplotaxis
906945,Nasturtium asperum subsp. laevigatum (Willd.) Virot,Sisymbrella aspera subsp. aspera,Sisymbrella aspera subsp. aspera,Sisymbrella aspera subsp. aspera,Sisymbrella aspera,Diplotaxis tenuifolia (L.) DC.,Diplotaxis tenuifolia,Sisymbrella,Diplotaxis
906947,Sisymbrium laevigatum Willd.,Sisymbrella aspera subsp. aspera,Sisymbrella aspera subsp. aspera,Sisymbrella aspera subsp. aspera,Sisymbrella aspera,Diplotaxis tenuifolia (L.) DC.,Diplotaxis tenuifolia,Sisymbrella,Diplotaxis
907440,Cereus grandiflorus var. ruber Rümpler,Selenicereus grandiflorus subsp. grandiflorus,Selenicereus grandiflorus subsp. grandiflorus,Selenicereus grandiflorus subsp. grandiflorus,Selenicereus grandiflorus,× Disoselenicereus fulgidus (Hook.f.) E.Meier,× Disoselenicereus fulgidus,Selenicereus,× Disoselenicereus
908476,Olmedia grandifolia Trécul,Maquira guianensis subsp. guianensis,Maquira guianensis subsp. guianensis,Maquira guianensis subsp. guianensis,Maquira guianensis,Perebea guianensis subsp. guianensis,Perebea guianensis,Maquira,Perebea
908587,Hibiscus coccineus var. integrifolius Chapm.,Malvaviscus arboreus var. arboreus,Malvaviscus arboreus var. arboreus,Malvaviscus arboreus var. arboreus,Malvaviscus arboreus,Muenchhusia coccinea (Walter) M.M.Hanes & R.L.Barrett,Muenchhusia coccinea,Malvaviscus,Muenchhusia
908589,Hibiscus speciosus Aiton,Malvaviscus arboreus var. arboreus,Malvaviscus arboreus var. arboreus,Malvaviscus arboreus var. arboreus,Malvaviscus arboreus,Muenchhusia coccinea (Walter) M.M.Hanes & R.L.Barrett,Muenchhusia coccinea,Malvaviscus,Muenchhusia
908592,Hibiscus jerroldianus Paxton,Malvaviscus arboreus var. arboreus,Malvaviscus arboreus var. arboreus,Malvaviscus arboreus var. arboreus,Malvaviscus arboreus,Muenchhusia coccinea (Walter) M.M.Hanes & R.L.Barrett,Muenchhusia coccinea,Malvaviscus,Muenchhusia
908593,Hibiscus integrifolius (Chapm.) Small,Malvaviscus arboreus var. arboreus,Malvaviscus arboreus var. arboreus,Malvaviscus arboreus var. arboreus,Malvaviscus arboreus,Muenchhusia coccinea (Walter) M.M.Hanes & R.L.Barrett,Muenchhusia coccinea,Malvaviscus,Muenchhusia
913621,Abelmoschus palustris (L.) Walp.,Abelmoschus moschatus subsp. moschatus,Abelmoschus moschatus subsp. moschatus,Abelmoschus moschatus subsp. moschatus,Abelmoschus moschatus,Muenchhusia moscheutos subsp. moscheutos,Muenchhusia moscheutos,Abelmoschus,Muenchhusia
915042,Erysimum wettsteinianum Kuntze,Arabis alpina subsp. alpina,Arabis alpina subsp. alpina,Arabis alpina subsp. alpina,Arabis alpina,Erysimum sylvestre subsp. sylvestre,Erysimum sylvestre,Arabis,Erysimum
916832,Cardamine nasturtiifolia Steud.,Cardamine pratensis subsp. pratensis,Cardamine pratensis subsp. pratensis,Cardamine pratensis subsp. pratensis,Cardamine pratensis,Rorippa bonariensis var. bonariensis,Rorippa bonariensis,Cardamine,Rorippa
920069,Leptosiphon densiflorus Benth.,Eriastrum densifolium subsp. densifolium,Eriastrum densifolium subsp. densifolium,Eriastrum densifolium subsp. densifolium,Eriastrum densifolium,Leptosiphon grandiflorus Benth.,Leptosiphon grandiflorus,Eriastrum,Leptosiphon
922801,Ilex ligustrina var. minutiflora (A.Rich.) Loes.,Ilex vomitoria subsp. vomitoria,Ilex vomitoria subsp. vomitoria,Ilex vomitoria subsp. vomitoria,Ilex vomitoria,Banara minutiflora (A.Rich.) Sleumer,Banara minutiflora,Ilex,Banara
922852,Ilex cuneifolia Hook.,Jodina rhombifolia subsp. rhombifolia,Jodina rhombifolia subsp. rhombifolia,Jodina rhombifolia subsp. rhombifolia,Jodina rhombifolia,Ilex obcordata var. obcordata,Ilex obcordata,Jodina,Ilex
923497,Carduus cynaroides Lam.,Cynara cardunculus subsp. cardunculus,Cynara cardunculus subsp. cardunculus,Cynara cardunculus subsp. cardunculus,Cynara cardunculus,Lamyropsis cynaroides (Lam.) Dittrich,Lamyropsis cynaroides,Cynara,Lamyropsis
923500,Chamaepeuce cynaroides (Lam.) DC.,Cynara cardunculus subsp. cardunculus,Cynara cardunculus subsp. cardunculus,Cynara cardunculus subsp. cardunculus,Cynara cardunculus,Lamyropsis cynaroides (Lam.) Dittrich,Lamyropsis cynaroides,Cynara,Lamyropsis
923503,Carduus cynara E.H.L.Krause,Cynara cardunculus subsp. cardunculus,Cynara cardunculus subsp. cardunculus,Cynara cardunculus subsp. cardunculus,Cynara cardunculus,Lamyropsis cynaroides (Lam.) Dittrich,Lamyropsis cynaroides,Cynara,Lamyropsis
924286,Carduus horridus Adams,Centaurea benedicta var. benedicta,Centaurea benedicta var. benedicta,Centaurea benedicta var. benedicta,Centaurea benedicta,Cirsium pugnax Sommier & Levier,Cirsium pugnax,Centaurea,Cirsium
924333,Vernonia apocynifolia Baker,Cyanthillium cinereum var. cinereum,Cyanthillium cinereum var. cinereum,Cyanthillium cinereum var. cinereum,Cyanthillium cinereum,"Humbertacalia apocynifolia (Baker) Rabarim., Callm. & J.Calvo",Humbertacalia apocynifolia,Cyanthillium,Humbertacalia
924486,Spiraea aruncus var. hermaphrodita Michx.,Aruncus dioicus subsp. dioicus,Aruncus dioicus subsp. dioicus,Aruncus dioicus subsp. dioicus,Aruncus dioicus,Astilbe biternata (Vent.) Britton,Astilbe biternata,Aruncus,Astilbe
924515,Aruncus americanus Nakai,Aruncus sylvester var. sylvester,Aruncus sylvester var. sylvester,Aruncus sylvester var. sylvester,Aruncus sylvester,Astilbe biternata (Vent.) Britton,Astilbe biternata,Aruncus,Astilbe
927212,Tutuca fistulosa Molina,Senecio fistulosus var. fistulosus,Senecio fistulosus var. fistulosus,Senecio fistulosus var. fistulosus,Senecio fistulosus,Chusquea culeou É.Desv.,Chusquea culeou,Senecio,Chusquea
928640,Asplenium bidentatum Willd.,Asplenium erosum var. erosum,Asplenium erosum var. erosum,Asplenium erosum var. erosum,Asplenium erosum,Hymenasplenium laetum (Sw.) L.Regalado & Prada,Hymenasplenium laetum,Asplenium,Hymenasplenium
931210,Galactia formosa (Griseb.) Stuck. ex Seckt,Nanogalactia heterophylla (Gillies ex Hook.) L.P.Queiroz,Nanogalactia heterophylla (Gillies ex Hook.) L.P.Queiroz,Nanogalactia heterophylla (Gillies ex Hook.) L.P.Queiroz,Nanogalactia heterophylla,Collaea argentina Griseb.,Collaea argentina,Nanogalactia,Collaea
931211,Collaea argentina Griseb.,Nanogalactia heterophylla (Gillies ex Hook.) L.P.Queiroz,Nanogalactia heterophylla (Gillies ex Hook.) L.P.Queiroz,Nanogalactia heterophylla (Gillies ex Hook.) L.P.Queiroz,Nanogalactia heterophylla,Collaea argentina Griseb.,Collaea argentina,Nanogalactia,Collaea
931213,Collaea formosa Griseb.,Nanogalactia heterophylla (Gillies ex Hook.) L.P.Queiroz,Nanogalactia heterophylla (Gillies ex Hook.) L.P.Queiroz,Nanogalactia heterophylla (Gillies ex Hook.) L.P.Queiroz,Nanogalactia heterophylla,Collaea argentina Griseb.,Collaea argentina,Nanogalactia,Collaea
931773,Opuntia colubrina A.Cast.,Salmonopuntia schickendantzii (F.A.C.Weber) Font & M.Köhler,Salmonopuntia schickendantzii (F.A.C.Weber) Font & M.Köhler,Salmonopuntia schickendantzii (F.A.C.Weber) Font & M.Köhler,Salmonopuntia schickendantzii,Opuntia colubrina A.Cast.,Opuntia colubrina,Salmonopuntia,Opuntia
1101932,Claytonia mutandra Kuntze,Philippiamra calycina (Phil.) Hershk.,Philippiamra calycina (Phil.) Hershk.,Philippiamra calycina (Phil.) Hershk.,Philippiamra calycina,Montiopsis trifida (Hook. & Arn.) D.I.Ford,Montiopsis trifida,Philippiamra,Montiopsis
1102074,Rhaponticum Ludwig,Centaurea L.,Centaurea L.,Centaurea L.,,Rhaponticum Ludwig,,Centaurea,Rhaponticum
1104803,Cynorkis micrantha (Frapp. ex Cordem.) Schltr.,Cynorkis falcata (Frapp. ex Cordem.) Schltr.,Cynorkis falcata (Frapp. ex Cordem.) Schltr.,Cynorkis falcata (Frapp. ex Cordem.) Schltr.,Cynorkis falcata,Benthamia gracilis J.M.H.Shaw,Benthamia gracilis,Cynorkis,Benthamia
1107852,Luisia birchea Blume,Cleisostoma tenuifolium (L.) Garay,Cleisostoma tenuifolium (L.) Garay,Cleisostoma tenuifolium (L.) Garay,Cleisostoma tenuifolium,Luisia birchea Blume,Luisia birchea,Cleisostoma,Luisia
1107853,Luisia laurifolia M.R.Almeida,Cleisostoma tenuifolium (L.) Garay,Cleisostoma tenuifolium (L.) Garay,Cleisostoma tenuifolium (L.) Garay,Cleisostoma tenuifolium,Luisia birchea Blume,Luisia birchea,Cleisostoma,Luisia
1109276,Listrostachys pescatoriana (Lindl.) S.Moore,Oeoniella polystachys (Thouars) Schltr.,Oeoniella polystachys (Thouars) Schltr.,Oeoniella polystachys (Thouars) Schltr.,Oeoniella polystachys,Listrostachys pertusa (Lindl.) Rchb.f.,Listrostachys pertusa,Oeoniella,Listrostachys
1109285,Oldenlandia pseudocorymbosa (Bakh.f.) Raizada,Oldenlandia corymbosa var. corymbosa,Oldenlandia corymbosa var. corymbosa,Oldenlandia corymbosa var. corymbosa,Oldenlandia corymbosa,Scleromitrion diffusum (Willd.) R.J.Wang,Scleromitrion diffusum,Oldenlandia,Scleromitrion
1109288,Hedyotis pseudocorymbosa Bakh.f.,Oldenlandia corymbosa var. corymbosa,Oldenlandia corymbosa var. corymbosa,Oldenlandia corymbosa var. corymbosa,Oldenlandia corymbosa,Scleromitrion diffusum (Willd.) R.J.Wang,Scleromitrion diffusum,Oldenlandia,Scleromitrion
1114954,Canistrum lindenii (Regel) Mez,Hohenbergia augusta (Vell.) É.Morren,Hohenbergia augusta (Vell.) É.Morren,Hohenbergia augusta (Vell.) É.Morren,Hohenbergia augusta,Edmundoa lindenii (Regel) Leme,Edmundoa lindenii,Hohenbergia,Edmundoa
1118040,Salmia subacaulis (Poit.) Schult. & Schult.f.,Evodianthus funifer subsp. funifer,Evodianthus funifer subsp. funifer,Evodianthus funifer subsp. funifer,Evodianthus funifer,Asplundia brachyphylla Harling,Asplundia brachyphylla,Evodianthus,Asplundia
1118041,Carludovica subacaulis (Poit.) Kunth,Evodianthus funifer subsp. funifer,Evodianthus funifer subsp. funifer,Evodianthus funifer subsp. funifer,Evodianthus funifer,Asplundia brachyphylla Harling,Asplundia brachyphylla,Evodianthus,Asplundia
1118114,Chytroma praeclara (Sandwith) R.Knuth,Chytroma holcogyne (Sandwith) R.Knuth,Chytroma holcogyne (Sandwith) R.Knuth,Chytroma holcogyne (Sandwith) R.Knuth,Chytroma holcogyne,Lecythis praeclara (Sandwith) S.A.Mori ex Molino & Sabatier,Lecythis praeclara,Chytroma,Lecythis
1132999,Ligusticum apiifolium (Nutt.) A.Gray,Lomatium dissectum (Nutt.) Mathias & Constance,Lomatium dissectum (Nutt.) Mathias & Constance,Lomatium dissectum (Nutt.) Mathias & Constance,Lomatium dissectum,Ligusticum apiifolium (Nutt.) A.Gray,Ligusticum apiifolium,Lomatium,Ligusticum
1136237,Neogymnantha Y.Itô,Rebutia K.Schum.,Rebutia K.Schum.,Rebutia K.Schum.,,Weingartia Werderm.,,Rebutia,Weingartia
1139559,Craspedostoma cephalotes (Licht. ex Meisn.) Domke,Lachnaea grandiflora (L.f.) Baill.,Lachnaea grandiflora (L.f.) Baill.,Lachnaea grandiflora (L.f.) Baill.,Lachnaea grandiflora,Gnidia linearifolia (Wikstr.) B.Peterson,Gnidia linearifolia,Lachnaea,Gnidia
1139853,Malveopsis spicata var. normalis Kuntze,Malvastrum americanum (L.) Torr.,Malvastrum americanum (L.) Torr.,Malvastrum americanum (L.) Torr.,Malvastrum americanum,Melochia spicata (L.) Fryxell,Melochia spicata,Malvastrum,Melochia
1139855,Melochia spicata (L.) Fryxell,Malvastrum americanum (L.) Torr.,Malvastrum americanum (L.) Torr.,Malvastrum americanum (L.) Torr.,Malvastrum americanum,Melochia spicata (L.) Fryxell,Melochia spicata,Malvastrum,Melochia
1139856,Visenia spicata (L.) Colla,Malvastrum americanum (L.) Torr.,Malvastrum americanum (L.) Torr.,Malvastrum americanum (L.) Torr.,Malvastrum americanum,Melochia spicata (L.) Fryxell,Melochia spicata,Malvastrum,Melochia
1139859,Malveopsis spicata (L.) Kuntze,Malvastrum americanum (L.) Torr.,Malvastrum americanum (L.) Torr.,Malvastrum americanum (L.) Torr.,Malvastrum americanum,Melochia spicata (L.) Fryxell,Melochia spicata,Malvastrum,Melochia
1139860,Malvastrum spicatum (L.) A.Gray,Malvastrum americanum (L.) Torr.,Malvastrum americanum (L.) Torr.,Malvastrum americanum (L.) Torr.,Malvastrum americanum,Melochia spicata (L.) Fryxell,Melochia spicata,Malvastrum,Melochia
1141112,Vigna stipulacea (Lam.) Kuntze,Pueraria montana var. lobata (Willd.) Maesen & S.M.Almeida ex Sanjappa & Predeep,Pueraria montana var. lobata (Willd.) Maesen & S.M.Almeida ex Sanjappa & Predeep,Pueraria montana var. lobata (Willd.) Maesen & S.M.Almeida ex Sanjappa & Predeep,Pueraria montana,Vigna stipulacea (Lam.) Kuntze,Vigna stipulacea,Pueraria,Vigna
1144872,Mesembryanthemum deflectum N.E.Br.,Antimima defecta (L.Bolus) H.E.K.Hartmann,Antimima defecta (L.Bolus) H.E.K.Hartmann,Antimima defecta (L.Bolus) H.E.K.Hartmann,Antimima defecta,Ruschia decumbens L.Bolus,Ruschia decumbens,Antimima,Ruschia
1150886,Cumulopuntia berteroi (Colla) F.Ritter,Eriosyce subgibbosa (Haw.) Katt.,Eriosyce subgibbosa (Haw.) Katt.,Eriosyce subgibbosa (Haw.) Katt.,Eriosyce subgibbosa,Cumulopuntia berteroi (Colla) F.Ritter,Cumulopuntia berteroi,Eriosyce,Cumulopuntia
1150894,Opuntia berteroi (Colla) A.E.Hoffm.,Eriosyce subgibbosa (Haw.) Katt.,Eriosyce subgibbosa (Haw.) Katt.,Eriosyce subgibbosa (Haw.) Katt.,Eriosyce subgibbosa,Cumulopuntia berteroi (Colla) F.Ritter,Cumulopuntia berteroi,Eriosyce,Cumulopuntia
1150895,Echinocactus berteroi (Colla) Gay,Eriosyce subgibbosa (Haw.) Katt.,Eriosyce subgibbosa (Haw.) Katt.,Eriosyce subgibbosa (Haw.) Katt.,Eriosyce subgibbosa,Cumulopuntia berteroi (Colla) F.Ritter,Cumulopuntia berteroi,Eriosyce,Cumulopuntia
1154500,Sigmoidotropis grandiflora (Steud.) A.Delgado,Helicotropis linearis (Kunth) A.Delgado,Helicotropis linearis (Kunth) A.Delgado,Helicotropis linearis (Kunth) A.Delgado,Helicotropis linearis,Sigmoidotropis grandiflora (Steud.) A.Delgado,Sigmoidotropis grandiflora,Helicotropis,Sigmoidotropis
1158862,Caesalpinia pyramidata (Mill.) Martyn,Cenostigma gaumeri (Greenm.) Gagnon & G.P.Lewis,Cenostigma gaumeri (Greenm.) Gagnon & G.P.Lewis,Cenostigma gaumeri (Greenm.) Gagnon & G.P.Lewis,Cenostigma gaumeri,Erythrostemon yucatanensis var. yucatanensis,Erythrostemon yucatanensis,Cenostigma,Erythrostemon
1160089,Arctium majus subsp. intermedium (Lange) Nyman,Cousinia chlorocephala C.A.Mey. ex DC.,Cousinia chlorocephala C.A.Mey. ex DC.,Cousinia chlorocephala C.A.Mey. ex DC.,Cousinia chlorocephala,Arctium nemorosum Lej.,Arctium nemorosum,Cousinia,Arctium
1160090,Lappa intermedium (Lange) Lange,Cousinia chlorocephala C.A.Mey. ex DC.,Cousinia chlorocephala C.A.Mey. ex DC.,Cousinia chlorocephala C.A.Mey. ex DC.,Cousinia chlorocephala,Arctium nemorosum Lej.,Arctium nemorosum,Cousinia,Arctium
1162379,Shawia arguta (Benth.) Britten,Camptacra gracilis (Benth.) Lander,Camptacra gracilis (Benth.) Lander,Camptacra gracilis (Benth.) Lander,Camptacra gracilis,Olearia arguta Benth.,Olearia arguta,Camptacra,Olearia
1164534,Parahemionitis arifolia (Burm.f.) Panigrahi,Acrostichum aureum L.,Acrostichum aureum L.,Acrostichum aureum L.,Acrostichum aureum,Hemionitis arifolia (Burm.f.) T.Moore,Hemionitis arifolia,Acrostichum,Hemionitis
1164535,Gymnogramma arifolia (Burm.f.) Kuhn,Acrostichum aureum L.,Acrostichum aureum L.,Acrostichum aureum L.,Acrostichum aureum,Hemionitis arifolia (Burm.f.) T.Moore,Hemionitis arifolia,Acrostichum,Hemionitis
1164536,Hemionitis arifolia (Burm.f.) T.Moore,Acrostichum aureum L.,Acrostichum aureum L.,Acrostichum aureum L.,Acrostichum aureum,Hemionitis arifolia (Burm.f.) T.Moore,Hemionitis arifolia,Acrostichum,Hemionitis
1168174,Lotus alamosanus (Rose) Gentry,Acmispon watsonii (Vasey & Rose) Brouillet,Acmispon watsonii (Vasey & Rose) Brouillet,Acmispon watsonii (Vasey & Rose) Brouillet,Acmispon watsonii,Hosackia alamosana Rose,Hosackia alamosana,Acmispon,Hosackia
1168907,Oreocharis leveilleana Fedde,Oreocharis auricula var. auricula,Oreocharis auricula var. auricula,Oreocharis auricula var. auricula,Oreocharis auricula,Petrocodon leveilleanus (Fedde) X.X.Bai & F.Wen,Petrocodon leveilleanus,Oreocharis,Petrocodon
1171288,Matricaria valentina (L.) L.,Porophyllum ruderale var. ruderale,Porophyllum ruderale var. ruderale,Porophyllum ruderale var. ruderale,Porophyllum ruderale,Anacyclus radiatus Loisel.,Anacyclus radiatus,Porophyllum,Anacyclus
1174696,Aalius Rumph. ex Kuntze,Breynia J.R.Forst. & G.Forst.,Breynia J.R.Forst. & G.Forst.,Breynia J.R.Forst. & G.Forst.,,Phyllanthus L.,,Breynia,Phyllanthus
1176858,Coprosma dentata (Elmer) Heads,Nertera granadensis var. granadensis,Nertera granadensis var. granadensis,Nertera granadensis var. granadensis,Nertera granadensis,Hemiphragma heterophyllum var. dentatum (Elmer) T.Yamaz.,Hemiphragma heterophyllum,Nertera,Hemiphragma
1179351,Anoectochilus lowii T.Br.,Dossinia marmorata C.Morren,Dossinia marmorata C.Morren,Dossinia marmorata C.Morren,Dossinia marmorata,Anoectochilus brevilabris Lindl.,Anoectochilus brevilabris,Dossinia,Anoectochilus
1179950,Octomeria stellata (Lindl.) Spreng.,Bulbophyllum gibbosum (Blume) Lindl.,Bulbophyllum gibbosum (Blume) Lindl.,Bulbophyllum gibbosum (Blume) Lindl.,Bulbophyllum gibbosum,Eria stellata Lindl.,Eria stellata,Bulbophyllum,Eria
1179952,Tainia stellata (Lindl.) Pfitzer,Bulbophyllum gibbosum (Blume) Lindl.,Bulbophyllum gibbosum (Blume) Lindl.,Bulbophyllum gibbosum (Blume) Lindl.,Bulbophyllum gibbosum,Eria stellata Lindl.,Eria stellata,Bulbophyllum,Eria
1179953,Eria rugosa (Blume) Lindl.,Bulbophyllum gibbosum (Blume) Lindl.,Bulbophyllum gibbosum (Blume) Lindl.,Bulbophyllum gibbosum (Blume) Lindl.,Bulbophyllum gibbosum,Eria stellata Lindl.,Eria stellata,Bulbophyllum,Eria
1179954,Pinalia fragrans (Rchb.f.) Kuntze,Bulbophyllum gibbosum (Blume) Lindl.,Bulbophyllum gibbosum (Blume) Lindl.,Bulbophyllum gibbosum (Blume) Lindl.,Bulbophyllum gibbosum,Eria stellata Lindl.,Eria stellata,Bulbophyllum,Eria
1179955,Pinalia stellata (Lindl.) Kuntze,Bulbophyllum gibbosum (Blume) Lindl.,Bulbophyllum gibbosum (Blume) Lindl.,Bulbophyllum gibbosum (Blume) Lindl.,Bulbophyllum gibbosum,Eria stellata Lindl.,Eria stellata,Bulbophyllum,Eria
1179956,Pinalia rugosa (Blume) Kuntze,Bulbophyllum gibbosum (Blume) Lindl.,Bulbophyllum gibbosum (Blume) Lindl.,Bulbophyllum gibbosum (Blume) Lindl.,Bulbophyllum gibbosum,Eria stellata Lindl.,Eria stellata,Bulbophyllum,Eria
1179957,Pinalia striolata (Rchb.f.) Kuntze,Bulbophyllum gibbosum (Blume) Lindl.,Bulbophyllum gibbosum (Blume) Lindl.,Bulbophyllum gibbosum (Blume) Lindl.,Bulbophyllum gibbosum,Eria stellata Lindl.,Eria stellata,Bulbophyllum,Eria
1181938,Diasperus L. ex Kuntze,Glochidion J.R.Forst. & G.Forst.,Glochidion J.R.Forst. & G.Forst.,Glochidion J.R.Forst. & G.Forst.,,Phyllanthus L.,,Glochidion,Phyllanthus
1183336,Oldenlandia brachiata (Wight) Hook.f.,Kohautia attenuata (Willd.) I.M.Turner,Kohautia attenuata (Willd.) I.M.Turner,Kohautia attenuata (Willd.) I.M.Turner,Kohautia attenuata,Oldenlandia pusilla Rottler,Oldenlandia pusilla,Kohautia,Oldenlandia
1188879,Uragoga nitidula (Cham. & Schltdl.) Kuntze,Palicourea leiocarpa (Cham. & Schltdl.) Delprete,Palicourea leiocarpa (Cham. & Schltdl.) Delprete,Palicourea leiocarpa (Cham. & Schltdl.) Delprete,Palicourea leiocarpa,Psychotria nitidula Cham. & Schltdl.,Psychotria nitidula,Palicourea,Psychotria
1191506,Xylobium corrugatum var. wageneri (Rchb.f.) Schltr.,Bifrenaria wageneri Rchb.f.,Bifrenaria wageneri Rchb.f.,Bifrenaria wageneri Rchb.f.,Bifrenaria wageneri,Xylobium corrugatum (Lindl.) Rolfe,Xylobium corrugatum,Bifrenaria,Xylobium
1191508,Xylobium wageneri (Rchb.f.) Schltr.,Bifrenaria wageneri Rchb.f.,Bifrenaria wageneri Rchb.f.,Bifrenaria wageneri Rchb.f.,Bifrenaria wageneri,Xylobium corrugatum (Lindl.) Rolfe,Xylobium corrugatum,Bifrenaria,Xylobium
1196686,Dupatya vaginata (Körn.) Kuntze,Syngonanthus fischerianus (Bong.) Ruhland,Syngonanthus fischerianus (Bong.) Ruhland,Syngonanthus fischerianus (Bong.) Ruhland,Syngonanthus fischerianus,Paepalanthus vaginatus Körn.,Paepalanthus vaginatus,Syngonanthus,Paepalanthus
1204284,Widdringtonia glauca (Carrière) Carrière,Platycladus orientalis (L.) Franco,Platycladus orientalis (L.) Franco,Platycladus orientalis (L.) Franco,Platycladus orientalis,Fitzroya cupressoides (Molina) I.M.Johnst.,Fitzroya cupressoides,Platycladus,Fitzroya
1204767,Callitropsis funebris (Endl.) de Laub. & Husby,Platycladus orientalis (L.) Franco,Platycladus orientalis (L.) Franco,Platycladus orientalis (L.) Franco,Platycladus orientalis,Cupressus funebris Endl.,Cupressus funebris,Platycladus,Cupressus
1204772,Chamaecyparis funebris (Endl.) Franco,Platycladus orientalis (L.) Franco,Platycladus orientalis (L.) Franco,Platycladus orientalis (L.) Franco,Platycladus orientalis,Cupressus funebris Endl.,Cupressus funebris,Platycladus,Cupressus
1204774,Platycyparis funebris (Endl.) A.V.Bobrov & Melikyan,Platycladus orientalis (L.) Franco,Platycladus orientalis (L.) Franco,Platycladus orientalis (L.) Franco,Platycladus orientalis,Cupressus funebris Endl.,Cupressus funebris,Platycladus,Cupressus
1205134,Vilfa frondosa C.Presl,Agrostis castellana Boiss. & Reut.,Agrostis castellana Boiss. & Reut.,Agrostis castellana Boiss. & Reut.,Agrostis castellana,Polypogon viridis (Gouan) Breistr.,Polypogon viridis,Agrostis,Polypogon
1209005,Nassella mucronata (Kunth) R.W.Pohl,Lorenzochloa mucronata (Griseb.) Romasch.,Lorenzochloa mucronata (Griseb.) Romasch.,Lorenzochloa mucronata (Griseb.) Romasch.,Lorenzochloa mucronata,Nassella mucronata (Kunth) R.W.Pohl,Nassella mucronata,Lorenzochloa,Nassella
1213030,Microlaena avenacea var. carsei (Cheeseman) Zotov,Ehrharta diplax var. diplax,Ehrharta diplax var. diplax,Ehrharta diplax var. diplax,Ehrharta diplax,Microlaena carsei Cheeseman,Microlaena carsei,Ehrharta,Microlaena
1221116,Agrosinapis arvensis (L.) Fourr.,Moricandia arvensis (L.) DC.,Moricandia arvensis (L.) DC.,Moricandia arvensis (L.) DC.,Moricandia arvensis,Mutarda arvensis (L.) D.A.German,Mutarda arvensis,Moricandia,Mutarda
1229034,Dela Adans.,Seseli L.,Seseli L.,Seseli L.,,Libanotis Haller ex Zinn,,Seseli,Libanotis
1236385,Scabiosa japonica subsp. tschiliensis (Grüning) Hurus.,"Lomelosia comosa (Fisch. ex Roem. & Schult.) J.H.Xue, Chepinoga & K.P.Ma","Lomelosia comosa (Fisch. ex Roem. & Schult.) J.H.Xue, Chepinoga & K.P.Ma","Lomelosia comosa (Fisch. ex Roem. & Schult.) J.H.Xue, Chepinoga & K.P.Ma",Lomelosia comosa,Scabiosa tschiliensis Grüning,Scabiosa tschiliensis,Lomelosia,Scabiosa
1236386,Trochocephalus tschiliensis (Grüning) Á.Löve & D.Löve,"Lomelosia comosa (Fisch. ex Roem. & Schult.) J.H.Xue, Chepinoga & K.P.Ma","Lomelosia comosa (Fisch. ex Roem. & Schult.) J.H.Xue, Chepinoga & K.P.Ma","Lomelosia comosa (Fisch. ex Roem. & Schult.) J.H.Xue, Chepinoga & K.P.Ma",Lomelosia comosa,Scabiosa tschiliensis Grüning,Scabiosa tschiliensis,Lomelosia,Scabiosa
1236394,Scabiosa japonica var. tschiliensis (Grüning) Hurus.,"Lomelosia comosa (Fisch. ex Roem. & Schult.) J.H.Xue, Chepinoga & K.P.Ma","Lomelosia comosa (Fisch. ex Roem. & Schult.) J.H.Xue, Chepinoga & K.P.Ma","Lomelosia comosa (Fisch. ex Roem. & Schult.) J.H.Xue, Chepinoga & K.P.Ma",Lomelosia comosa,Scabiosa tschiliensis Grüning,Scabiosa tschiliensis,Lomelosia,Scabiosa
1239121,Feuilleea terminalis Kuntze,Pseudalbizzia polycephala (Benth.) E.J.M.Koenen & Duno,Pseudalbizzia polycephala (Benth.) E.J.M.Koenen & Duno,Pseudalbizzia polycephala (Benth.) E.J.M.Koenen & Duno,Pseudalbizzia polycephala,"Hydrochorea pedicellaris (DC.) M.V.B.Soares, Iganci & M.P.Morim",Hydrochorea pedicellaris,Pseudalbizzia,Hydrochorea
1243620,Cephalosphaera Warb.,Brochoneura Warb.,Brochoneura Warb.,Brochoneura Warb.,,Cephalosphaera Warb.,,Brochoneura,Cephalosphaera
1246206,Wendlandia Willd.,Cocculus DC.,Cocculus DC.,Cocculus DC.,,Nephroia Lour.,,Cocculus,Nephroia
1248912,Chrysoxylon vinhatico Casar.,Dimorphandra exaltata Schott,Dimorphandra exaltata Schott,Dimorphandra exaltata Schott,Dimorphandra exaltata,Plathymenia reticulata Benth.,Plathymenia reticulata,Dimorphandra,Plathymenia
1250552,Eruca vesicaria var. stenocarpa (Boiss. & Reut.) Thell.,Eruca vesicaria (L.) Cav.,Eruca vesicaria (L.) Cav.,Eruca vesicaria (L.) Cav.,Eruca vesicaria,Erucastrum nasturtiifolium subsp. nasturtiifolium,Erucastrum nasturtiifolium,Eruca,Erucastrum
1250556,Eruca sativa var. stenocarpa (Boiss. & Reut.) Coss.,Eruca vesicaria (L.) Cav.,Eruca vesicaria (L.) Cav.,Eruca vesicaria (L.) Cav.,Eruca vesicaria,Erucastrum nasturtiifolium subsp. nasturtiifolium,Erucastrum nasturtiifolium,Eruca,Erucastrum
1250563,Eruca sativa subsp. stenocarpa (Boiss. & Reut.) Maire,Eruca vesicaria (L.) Cav.,Eruca vesicaria (L.) Cav.,Eruca vesicaria (L.) Cav.,Eruca vesicaria,Erucastrum nasturtiifolium subsp. nasturtiifolium,Erucastrum nasturtiifolium,Eruca,Erucastrum
1253228,Harrisia serruliflora (Haw.) Lourteig,Harrisia divaricata (Lam.) Backeb.,Harrisia divaricata (Lam.) Backeb.,Harrisia divaricata (Lam.) Backeb.,Harrisia divaricata,Cereus serruliflorus Haw.,Cereus serruliflorus,Harrisia,Cereus
1253230,Serrulatocereus serruliflorus (Haw.) Guiggi,Harrisia divaricata (Lam.) Backeb.,Harrisia divaricata (Lam.) Backeb.,Harrisia divaricata (Lam.) Backeb.,Harrisia divaricata,Cereus serruliflorus Haw.,Cereus serruliflorus,Harrisia,Cereus
1254587,Robinsonia guianensis (Aubl.) J.F.Gmel.,Quiina guianensis Aubl.,Quiina guianensis Aubl.,Quiina guianensis Aubl.,Quiina guianensis,Touroulia guianensis Aubl.,Touroulia guianensis,Quiina,Touroulia
1255997,Sigmoidotropis spixiana (Mart. ex Benth.) A.Delgado,Ancistrotropis peduncularis (Fawc. & Rendle) A.Delgado,Ancistrotropis peduncularis (Fawc. & Rendle) A.Delgado,Ancistrotropis peduncularis (Fawc. & Rendle) A.Delgado,Ancistrotropis peduncularis,Sigmoidotropis spixiana (Mart. ex Benth.) A.Delgado,Sigmoidotropis spixiana,Ancistrotropis,Sigmoidotropis
1262124,× Rowleyara hildmannii (Hildm.) P.V.Heath,Disocactus crenatus subsp. kimnachii (Bavo) M.Á.Cruz & S.Arias,Disocactus crenatus subsp. kimnachii (Bavo) M.Á.Cruz & S.Arias,Disocactus crenatus subsp. kimnachii (Bavo) M.Á.Cruz & S.Arias,Disocactus crenatus,× Disoselenicereus hildmannii (Hildm.) M.H.J.van der Meer,× Disoselenicereus hildmannii,Disocactus,× Disoselenicereus
1266139,Senecio bonplandianus DC.,Aetheolaena senecioides (Kunth) B.Nord.,Aetheolaena senecioides (Kunth) B.Nord.,Aetheolaena senecioides (Kunth) B.Nord.,Aetheolaena senecioides,Senecio bonplandianus DC.,Senecio bonplandianus,Aetheolaena,Senecio
1273462,Anemonoides soyensis (H.Boissieu) Holub,Anemonastrum flaccidum (Fr.Schmidt) Mosyakin,Anemonastrum flaccidum (Fr.Schmidt) Mosyakin,Anemonastrum flaccidum (Fr.Schmidt) Mosyakin,Anemonastrum flaccidum,Anemone soyensis H.Boissieu,Anemone soyensis,Anemonastrum,Anemone
1275958,Maquira grandifolia (Trécul) Baill. ex Benth. & Hook.f.,Maquira guianensis subsp. guianensis,Maquira guianensis subsp. guianensis,Maquira guianensis subsp. guianensis,Maquira guianensis,Perebea guianensis subsp. guianensis,Perebea guianensis,Maquira,Perebea
1277368,Gilia densiflora (Benth.) Peterm.,Eriastrum densifolium subsp. densifolium,Eriastrum densifolium subsp. densifolium,Eriastrum densifolium subsp. densifolium,Eriastrum densifolium,Leptosiphon grandiflorus Benth.,Leptosiphon grandiflorus,Eriastrum,Leptosiphon
1277812,Cirsium horridum (Adams) Petr.,Centaurea benedicta var. benedicta,Centaurea benedicta var. benedicta,Centaurea benedicta var. benedicta,Centaurea benedicta,Cirsium pugnax Sommier & Levier,Cirsium pugnax,Centaurea,Cirsium
1278956,Austrocylindropuntia colubrina (A.Cast.) Backeb.,Salmonopuntia schickendantzii (F.A.C.Weber) Font & M.Köhler,Salmonopuntia schickendantzii (F.A.C.Weber) Font & M.Köhler,Salmonopuntia schickendantzii (F.A.C.Weber) Font & M.Köhler,Salmonopuntia schickendantzii,Opuntia colubrina A.Cast.,Opuntia colubrina,Salmonopuntia,Opuntia
